repo_name,file,commit,is_corrective,is_refactor
3liz/lizmap-web-client,lizmap/www/assets/jelix/js/jforms/datepickers/default/ui.fr.js,a25dcf0b9ba0f0d95508c9c3dc6f9092986551be,true,false
Admidio/admidio,adm_program/modules/profile/profile_save.php,2a27cc8f8c61785c635609ebb9c8fe3f40aba16d,false,true
Admidio/admidio,adm_program/system/bootstrap/constants.php,5a233ce7d17070e6ea25ae2cf9503f2e5af5144c,true,false
Admidio/admidio,adm_program/modules/rooms/rooms.php,610c356d079ece66d2974c080df90b70af09fdf9,true,false
Admidio/admidio,adm_program/modules/registration/registration_assign.php,94b337445c5433ca10622d7fb8d265a567ff1515,true,false
Admidio/admidio,adm_program/system/classes/User.php,b2685625f1a0c892784e689178f998e18906abd4,true,false
Automattic/vip-go-mu-plugins,bin/pretest.sh,0f08de49465c7c1f772b59845e9a0084ff61776b,true,false
Automattic/vip-go-mu-plugins,bin/test.sh,0f08de49465c7c1f772b59845e9a0084ff61776b,true,false
Automattic/vip-go-mu-plugins,tests/files/test-image-sizes.php,0f08de49465c7c1f772b59845e9a0084ff61776b,true,false
Automattic/vip-go-mu-plugins,tests/logstash/test-logger.php,0f08de49465c7c1f772b59845e9a0084ff61776b,true,false
AzuraCast/AzuraCast,src/Controller/Api/Stations/Reports/Overview/BestAndWorstAction.php,3e639cfa69d9b5078793e0fc8cdd9d8ba4d37f26,true,false
AzuraCast/AzuraCast,src/Nginx/ConfigWriter.php,4cd251199514c1be125d5395b46cdedc143453dd,true,false
AzuraCast/AzuraCast,src/Service/Acme.php,4dd7596111aae4e780d36fb10013b7eeb886fe8e,true,false
AzuraCast/AzuraCast,src/Controller/Api/Stations/BulkMedia/DownloadAction.php,dc9efe352815833d610b6cdf8fde43a5727c1dc2,true,false
AzuraCast/AzuraCast,src/Controller/Api/Stations/Files/ListDirectoriesAction.php,dfcb5cbf81f926f89ed775c556ad5736ef942b68,true,true
Bakual/SermonSpeaker,com_sermonspeaker/site/views/frontendupload/view.html.php,34db1a154a054b49739e95f9a054e93c55bda722,true,false
Bakual/SermonSpeaker,com_sermonspeaker/site/views/feed/tmpl/default.php,4c0103e72f6a29b99b8a2e399026c8a4deeaecde,true,false
Bakual/SermonSpeaker,com_sermonspeaker/site/helpers/sermonspeaker.php,7b2bc3db4a3827bc364e0989b20ebda053135771,true,false
Bakual/SermonSpeaker,com_sermonspeaker/site/controllers/frontendupload.php,9761bcd4f15726ca5929a526c2593199ad98339a,true,false
BeWelcome/rox,templates/admin/tools/find.user.html.twig,7e383c53cffb387d175613577d0c23ee03a22694,true,false
BeWelcome/rox,build/members/templates/profile.subcolumn_left.php,ba154fe6b9a6f7e016989beb361a1e5b9ab6bfaa,true,false
BeWelcome/rox,src/Form/CustomDataClass/SearchFormRequest.php,eec865e3e1e70d2c3bafc5f98f1befdacdac701e,true,false
CIDRAM/CIDRAM,vault/CIDRAM/CIDRAM/Updater.php,31d33ca246bb1d5da36374c552a717843574a4ba,true,false
CORE-POS/IS4C,fannie/modules/plugins2.0/RP/RpCleanupTask.php,1f4a837430f8ccd1e3e72f6f80c1f4203f92ab16,true,false
CORE-POS/IS4C,fannie/item/modules/VolumePricingModule.php,8044c888e0d4102ec64de7062b1b7c0963b7e1f9,true,false
Cacti/cacti,scripts/ss_host_disk.php,604ace2188175776271367e15543655e2225845e,true,false
Cacti/plugin_thold,thold_functions.php,a250356ccae5e3b92bf9e872cf2ac2f725978434,true,false
Chi-teck/drupal-code-generator,src/InputOutput/Interviewer.php,0cec2a9ae4386ded32b84ac4364d3d4da12771bc,false,true
Chi-teck/drupal-code-generator,tests/functional/Generator/ComposerTest.php,2c18395c392ebe27c01c7e91c8e995d93da8c19d,false,true
Chi-teck/drupal-code-generator,src/Command/Hook.php,44be58f09cebc4d53b61c849c88caa0e9aa79a2e,false,true
Chi-teck/drupal-code-generator,tests/functional/Generator/HookTest.php,44be58f09cebc4d53b61c849c88caa0e9aa79a2e,false,true
Chi-teck/drupal-code-generator,tests/sut/bar/tests/src/Kernel/HookTest.php,44be58f09cebc4d53b61c849c88caa0e9aa79a2e,false,true
Chi-teck/drupal-code-generator,tests/functional/Helper/Drupal/hook_fixtures/file_validate.twig,4be670e043c210be4f5d095bccb9a7800f51c3f3,false,true
Chi-teck/drupal-code-generator,tests/functional/Helper/Drupal/hook_fixtures/post_update_NAME.twig,4be670e043c210be4f5d095bccb9a7800f51c3f3,false,true
Chi-teck/drupal-code-generator,tests/functional/Helper/Drupal/hook_fixtures/views_query_substitutions.twig,4be670e043c210be4f5d095bccb9a7800f51c3f3,false,true
Chi-teck/drupal-code-generator,templates/install-file/install.twig,620e6145ac74da61ef2ec4449ef6c2251e8501e3,false,true
Chi-teck/drupal-code-generator,tests/functional/Generator/_install_file/foo.install,620e6145ac74da61ef2ec4449ef6c2251e8501e3,false,true
Chi-teck/drupal-code-generator,tests/sut/bar/tests/src/Functional/InstallFileTest.php,620e6145ac74da61ef2ec4449ef6c2251e8501e3,false,true
Chi-teck/drupal-code-generator,tests/sut/bar/tests/src/Functional/InstallTest.php,620e6145ac74da61ef2ec4449ef6c2251e8501e3,false,true
Chi-teck/drupal-code-generator,templates/yml/links/action/links.action.twig,63831264255c7a663144205b4bc93d888b87cf85,false,true
Chi-teck/drupal-code-generator,tests/functional/Generator/Yaml/Links/ActionTest.php,63831264255c7a663144205b4bc93d888b87cf85,false,true
Chi-teck/drupal-code-generator,tests/functional/Generator/Yaml/Links/_action/example.links.action.yml,63831264255c7a663144205b4bc93d888b87cf85,false,true
Chi-teck/drupal-code-generator,tests/functional/Generator/Yaml/Links/_action/foo.links.action.yml,63831264255c7a663144205b4bc93d888b87cf85,false,true
Chi-teck/drupal-code-generator,tests/sut/yety/tests/src/Kernel/LocalActionsTest.php,63831264255c7a663144205b4bc93d888b87cf85,false,true
Chi-teck/drupal-code-generator,templates/yml/links/contextual/links.contextual.twig,7c09a16b5b1e39bc208a0e031fbca2b9cefe23e6,false,true
Chi-teck/drupal-code-generator,tests/functional/Generator/Yaml/Links/_contextual/example.links.contextual.yml,7c09a16b5b1e39bc208a0e031fbca2b9cefe23e6,false,true
Chi-teck/drupal-code-generator,tests/sut/yety/tests/src/Kernel/ContextualLinksTest.php,7c09a16b5b1e39bc208a0e031fbca2b9cefe23e6,false,true
Chi-teck/drupal-code-generator,templates/test/browser/browser.twig,dd2399aef98f7722b201e9e4707b3a978e66626e,true,false
Chi-teck/drupal-code-generator,tests/functional/Generator/Test/_browser/tests/src/Functional/ExampleTest.php,dd2399aef98f7722b201e9e4707b3a978e66626e,true,false
CnCNet/cncnet-ladder-api,cncnet-api/resources/views/auth/register.blade.php,70f719d19079aba0cd312dc2abfe8496b21f47de,true,false
Connections-Business-Directory/Connections,includes/class.form.php,03c669944f0d7919585fa960440fa4fcc2412c3d,false,true
Connections-Business-Directory/Connections,includes/inc.processes.php,0a0a11ea541967903dd4a1c569dc7f1d0f9b57e6,false,true
Connections-Business-Directory/Connections,includes/class.category.php,18bcc86dd5208bb4f06f479303b80d4dcb46947b,false,true
Connections-Business-Directory/Connections,includes/map/class.map.php,c8dbb7feacc2cc5888947bdd641fc7d27280ca3f,false,true
Connections-Business-Directory/Connections,assets/js/cn-setting-sortable-repeatable-input-list.js,ca87e7792b853af75b6e8b5313261ee6ca1acb88,false,true
Connections-Business-Directory/Connections,includes/entry/class.entry-vcard.php,fc441813dc486d813b1899479f7f3f0325181849,false,true
Connections-Business-Directory/Connections,includes/system-info/class.system-info.php,fca4a5e7884638ea0bc0a8b7899b8b31169cb851,true,false
Csardelacal/SpitfireEngine,io/media/PNGQuant.php,10482773f5eb8dee2abaaa7df5eefd95e0d41361,true,false
Csardelacal/SpitfireEngine,core/http/URLServiceProvider.php,28fb20fbd499ae322484f5e52b35dc2c4798ccad,true,true
Csardelacal/SpitfireEngine,model/directors/SchemaDiffDirector.php,3fb012cdfba884f23252f47c4248c0ac0f893b31,false,true
DoSomething/northstar,resources/views/admin/campaigns/edit.blade.php,712bd3b16b48d0db078b5359729ddf6ad3d0a424,true,false
FreshRSS/FreshRSS,cli/actualize-user.php,240afa7d4dcf33de4575a1531e2db3c9f4400c1f,true,false
FreshRSS/FreshRSS,lib/SimplePie/SimplePie/Item.php,442019a0548d3f1d888419930d38f1986e5cd773,true,false
FreshRSS/FreshRSS,composer.json,e86c10e2f554ba60e95f745b3b062262b37c7188,true,false
FreshRSS/FreshRSS,composer.lock,e86c10e2f554ba60e95f745b3b062262b37c7188,true,false
FreshRSS/FreshRSS,docs/en/developers/02_First_steps.md,e86c10e2f554ba60e95f745b3b062262b37c7188,true,false
FreshRSS/FreshRSS,p/ext.php,e86c10e2f554ba60e95f745b3b062262b37c7188,true,false
FreshRSS/FreshRSS,app/views/helpers/index/normal/entry_bottom.phtml,ea0d924985dc0c5aa089ed59c15282ea7e84c7a4,true,true
FreshRSS/FreshRSS,p/themes/Swage/icons/import.svg,ea0d924985dc0c5aa089ed59c15282ea7e84c7a4,true,true
FreshRSS/FreshRSS,app/Controllers/updateController.php,f56d1274c6341730726b3349711e5cf925ab643e,true,false
FriendsOfPHP/PHP-CS-Fixer,doc/rules/function_notation/date_time_create_from_format_call.rst,1a043f9b1b62dfbf61d11799847eef66099453a8,true,false
FriendsOfPHP/PHP-CS-Fixer,src/Fixer/LanguageConstruct/SingleSpaceAfterConstructFixer.php,1d8f50a457ebd54e37e2dba91a15b705ff56baab,true,false
FriendsOfPHP/PHP-CS-Fixer,src/Fixer/ArrayNotation/NoMultilineWhitespaceAroundDoubleArrowFixer.php,92c0600af6929107e20a7119ce63db9ef2a923a3,true,false
FriendsOfPHP/PHP-CS-Fixer,tests/Fixer/ArrayNotation/NoMultilineWhitespaceAroundDoubleArrowFixerTest.php,92c0600af6929107e20a7119ce63db9ef2a923a3,true,false
GEWIS/gewisweb,module/Photo/src/Model/ProfilePhoto.php,04bd5295b52b539a1eb600947d103ef78e713346,true,false
GoogleCloudPlatform/php-docs-samples,storage/src/create_bucket_dual_region.php,6609166f71b1049f45360480963c2327b00b7959,true,true
GoogleCloudPlatform/php-docs-samples,storage/test/storageTest.php,6609166f71b1049f45360480963c2327b00b7959,true,true
HackerSir/CheckIn,resources/views/components/mission-info.blade.php,2783dd357d8148cec3da370f3da6fc27c409766b,true,false
Icinga/icingaweb2-module-director,library/Director/Objects/IcingaService.php,0cb6e406817e64ea2914ba2c86b60198d945a5cd,false,true
Icinga/icingaweb2-module-director,register-hooks.php,1682175716fa70f76f70d90df1a9dbebbdc8e492,true,false
Icinga/icingaweb2-module-director,application/forms/KickstartForm.php,53e45da8158d070d43ee5c5ad09ed7c70ffed3fb,true,false
Karmabunny/sprout3,src/sprout/Controllers/Controller.php,07e3f2667eca6619ad17c2657353c5589d25a151,true,false
KnpLabs/php-github-api,lib/Github/Api/Repository/Contents.php,0158c304ae7c1c44ef261baf51e7c412585aa1db,true,false
KnpLabs/php-github-api,test/Github/Tests/Api/Repository/ContentsTest.php,0158c304ae7c1c44ef261baf51e7c412585aa1db,true,false
KnpLabs/php-github-api,lib/Github/Api/Organization/Teams.php,3467a347db3027815ca012461e0583c7d0284717,false,true
KnpLabs/php-github-api,test/Github/Tests/Api/Organization/TeamsTest.php,3467a347db3027815ca012461e0583c7d0284717,false,true
Kunstmaan/KunstmaanBundlesCMS,src/Kunstmaan/GeneratorBundle/Command/GenerateAdminListCommand.php,f60224bf2a498f21f4ef374a2285cbda717d6a6d,true,false
Kunstmaan/KunstmaanBundlesCMS,src/Kunstmaan/GeneratorBundle/Resources/SensioGeneratorBundle/skeleton/layout/Resources/ui/scss/config/_config.scss,f60224bf2a498f21f4ef374a2285cbda717d6a6d,true,false
LibreDTE/libredte-webapp,website/Module/Dte/Controller/DteBoletas.php,ae88baa2be3df33cd491454ad3709ef9228948bc,true,false
LibreDTE/libredte-webapp,website/Module/Honorarios/View/Module/index.php,f72942f786126c4a1af9e45ef96e99779f5a2970,true,false
LitusProject/Litus,module/CudiBundle/Resources/views/cudi/admin/sale/financial/sold/articles.twig,c8625fab96ca9e2d0770a4aafaeacd2a2744da9e,true,false
MinnPost/minnpost-largo,template-parts/content-none.php,38498fee417aaaec941c3c7f14b194acad9bdada,true,false
MioVisman/FluxBB_by_Visman,misc.php,8dd34c5de0a1d950ef1cc691b539b16fa0fd796c,true,false
NamelessMC/Nameless,core/classes/Misc/UpgradeScript.php,0e26e6d079ce2eec29c324526e8efab9e2908171,true,false
NamelessMC/Nameless,core/classes/Database/DB.php,27c06fbfdf1c2815d90a4906efdeee185c9bcf4f,true,false
NamelessMC/Nameless,modules/Discord Integration/classes/Discord.php,62a59bbf70cbc475af9a9ec3aeafb9f9da3d5ee6,true,false
NamelessMC/Nameless,CONTRIBUTING.md,9bb8bf434036996f06d26072a7dc849700f62999,true,true
NamelessMC/Nameless,core/classes/Group_Sync/GroupSyncManager.php,9e241613656925c360e05002b528af58a3148768,true,false
NamelessMC/Nameless,modules/Core/pages/oauth.php,b25301185db05e4fbbf9d5ec5656737d68c2d016,true,false
NamelessMC/Nameless,core/classes/Minecraft/MCQuery.php,cfa0331743fe20f148e9fd5370e07a69d03229c5,true,false
NeoRazorX/facturascripts,Core/Lib/PDF/PDFDocument.php,01a63593c0a668166050ef47f784972e3d1182e5,true,false
NeoRazorX/facturascripts,Core/Model/Base/ComercialContact.php,338c59785b7b6e0c082c3661a5a153719f2f3388,true,false
NeoRazorX/facturascripts,Core/Lib/ExtendedController/ComercialContactController.php,76a243fda75ea601572a9178ac2160b321c081d8,true,false
NottingHack/hms2,app/Jobs/Banking/Stripe/Webhooks/HandleChargeSucceededJob.php,1be0cd9196e44733e738a552dc2b123e8d922405,true,false
OXID-eSales/testing_library,library/MinkWrapper.php,8a5b9731970af6253dbb78dc08bdbfc6ae57d2e1,false,true
Opmantek/open-audit,code_igniter/application/helpers/ssh_helper.php,a1f7df5f656fd3bab5a3dc14f28d229c4ce40b2a,false,true
Opmantek/open-audit,code_igniter/system/core/Input.php,b5a581523c42d54db65f7ee4f01b8c90b420eac1,true,false
RSS-Bridge/rss-bridge,bridges/FeedMergeBridge.php,5578a735d9aa3e750755b6f20f19fa8d933940e4,true,false
RSS-Bridge/rss-bridge,bridges/PokemonNewsBridge.php,55cc74c816af8be22a3bd5cf08ed84ef290ccc0a,true,false
RSS-Bridge/rss-bridge,bridges/NYTBridge.php,6ac347d5ac36733d3199f1769626924613d4daa3,true,false
RSS-Bridge/rss-bridge,bridges/ABCNewsBridge.php,6f7be67a8c4a0cfe1433490fb87ef2b966094f70,true,false
RSS-Bridge/rss-bridge,bridges/HeiseBridge.php,8d8fe66aab916a63cd04eb129a91122c14e8c623,false,true
RSS-Bridge/rss-bridge,bridges/FilterBridge.php,9d16e81e178718c0bd6eae5dcd14633d004bdeb9,true,false
RSS-Bridge/rss-bridge,bridges/ViceBridge.php,cca11174e18ab90f08e64502c1620d24728eca85,true,false
RSS-Bridge/rss-bridge,bridges/IvooxBridge.php,eef45d4e8d5b69b76b5f3924d17a957748cf498e,true,false
Recras/recras-wordpress-plugin,changelog.md,6155d069d47d4dfe1345ccb3ba67f76953148ddc,false,true
Recras/recras-wordpress-plugin,package.json,6155d069d47d4dfe1345ccb3ba67f76953148ddc,false,true
Recras/recras-wordpress-plugin,recras-wordpress-plugin.php,6155d069d47d4dfe1345ccb3ba67f76953148ddc,false,true
RoboJackets/apiary,config/failed-job-monitor.php,2948cb11bb7283f43e4d858579b2429decfd7b75,true,false
SaschaWillems/vulkan.gpuinfo.org,reportdisplay/reportdisplay.class.php,9ef2aa187968c2b683649cd053f9f96e4d7efa3b,true,false
Seldaek/monolog,src/Monolog/Processor/GitProcessor.php,5df32386644b4653018f14e1bd00e4db3d0e2d84,true,false
Seldaek/monolog,tests/Monolog/Processor/GitProcessorTest.php,5df32386644b4653018f14e1bd00e4db3d0e2d84,true,false
SolidInvoice/SolidInvoice,src/InstallBundle/Action/Config.php,2434587087155d4a56270de19f580c315e27d727,true,false
SolidInvoice/SolidInvoice,config/bootstrap.php,f4eac9a451e2a9743fe8554621b5dae44efda8f2,true,false
SplashSync/Php-Core,Tests/Tools/Traits/ObjectsFakerTrait.php,4d3b649f9aaa0e55becde2a2955745aee2562fe9,true,false
SplashSync/Php-Core,ci/verify.sh,4d3b649f9aaa0e55becde2a2955745aee2562fe9,true,false
SplashSync/Php-Core,docker-compose.yml,4d3b649f9aaa0e55becde2a2955745aee2562fe9,true,false
SplashSync/Php-Core,Templates/Local/Objects/Extensions/DummyExtension.php,bed5dc49139a0f4829bf8309b2ed811095c029a9,true,false
SplashSync/Php-Core,Tests/Tools/Fields/OoObjectid.php,cd4a801d2b1d9539edf75507f26ababfb23805cd,true,false
Sylius/Sylius,src/Sylius/Bundle/AdminBundle/Resources/views/Crud/Update/_content.html.twig,f530e7819843483e8054eaea48323b63f3589de2,true,false
TYPO3-Solr/ext-solr,Classes/Domain/Search/ResultSet/Facets/OptionBased/Options/OptionsFacetQueryBuilder.php,04db3b1ef29d0e315e726e9944a85683265487bf,true,false
TYPO3-Solr/ext-solr,Classes/Domain/Index/Queue/UpdateHandler/DataUpdateHandler.php,30870759220ac8f952688f224c9e553ac2684926,true,false
TYPO3-Solr/ext-solr,Build/Test/bootstrap.sh,4cd418e1ebbe5466c769b94a789804bfe9eb4ae3,true,false
TYPO3-Solr/ext-solr,composer.json,4cd418e1ebbe5466c769b94a789804bfe9eb4ae3,true,false
TYPO3-Solr/ext-solr,Classes/Controller/SearchController.php,69251e16733bc3dda6155ac4dfaa6f3fa5cdb7a0,true,false
TYPO3-Solr/ext-solr,Classes/System/Solr/Node.php,83c2f9db25f5c583280df5ed220e1215fc791867,true,false
TYPO3-Solr/ext-solr,Classes/IndexQueue/PageIndexerRequest.php,b31d461b8b5ed2a8427b7961d01b4e8a9b5ef5c0,true,false
TYPO3-Solr/ext-solr,Classes/Middleware/SolrRoutingMiddleware.php,b9871efd327b2a9a9f849f1df948971be35cd08e,true,false
TYPO3-Solr/ext-solr,Tests/Unit/Middleware/SolrRoutingMiddlewareTest.php,b9871efd327b2a9a9f849f1df948971be35cd08e,true,false
TYPO3-Solr/ext-solr,Classes/Domain/Search/Statistics/StatisticsWriterProcessor.php,bfd39a56729c5875dd245fe79112e95a51d7ed44,true,false
TYPO3-Solr/ext-solr,Classes/Domain/Search/Query/SuggestQuery.php,c45cec9dc63fb6a5f64f01c2ddc9fdd0bb674b11,true,false
TYPO3-Solr/ext-solr,Tests/Unit/Domain/Search/Query/SuggestQueryTest.php,c45cec9dc63fb6a5f64f01c2ddc9fdd0bb674b11,true,false
TYPO3-Solr/ext-solr,Documentation/Releases/solr-release-11-5.rst,c7316081275a0209ce7fa64bac57b1e0f625b0db,true,true
TYPO3-Solr/ext-solr,Documentation/Settings.cfg,c7316081275a0209ce7fa64bac57b1e0f625b0db,true,true
TYPO3-Solr/ext-solr,Classes/FrontendEnvironment/Tsfe.php,c7e1651a2b547ad474613ffa9344a66a47b70c9c,true,false
TeknooSoftware/states,CHANGELOG.md,3387512d861f066d6248d4e095923687ec864c3f,false,true
TeknooSoftware/states,infrastructures/PHPStan/Analyser/ASTVisitor.php,3387512d861f066d6248d4e095923687ec864c3f,false,true
UniversityOfAlberta/GrandForum,extensions/Reporting/Report/AbstractReportItem.php,5621056185a22201f6bdea15af1b58dedac98a60,true,false
WoltLab/WCF,wcfsetup/install/files/lib/data/TObjectTreeNode.class.php,1d87d105bcd96f38e457481991e15edb62e0e6b7,true,false
WoltLab/WCF,wcfsetup/install/files/lib/data/comment/StructuredComment.class.php,2644014450103437dc06d5428ca2041ad51cc2c0,true,false
WoltLab/WCF,wcfsetup/install/files/acp/update_com.woltlab.wcf_5.5_deleteDsStore.php,2e3f6f68907e905903b0ddd499f85f7397aefec0,false,true
WoltLab/WCF,wcfsetup/install/files/lib/util/Url.class.php,a6ca78b475be7094d816f3a8a51b27ddee8edf92,true,false
WoltLab/WCF,wcfsetup/install/files/lib/system/package/FilesFileHandler.class.php,e38082c2fda3162aab695eb9631497703e0222f0,true,false
YesWiki/yeswiki,tools/bazar/presentation/styles/bazar-list-dynamic.css,eb0e76abe33e3cd598739c5e1164379a819caf03,true,false
YesWiki/yeswiki,tools/bazar/templates/entries/index-dynamic.twig,eb0e76abe33e3cd598739c5e1164379a819caf03,true,false
aces/Loris,modules/statistics/css/recruitment.css,7c1d2e8a053d3779c8fbc7378cbcba3bb0a79561,true,false
aces/Loris,modules/statistics/js/studyprogression.js,7c1d2e8a053d3779c8fbc7378cbcba3bb0a79561,true,false
acquia/blt,config/build.yml,068d4f13febd3b2828d5298a6e2b98226ac44d0c,true,false
acquia/blt,src/Robo/Commands/Validate/TwigCommand.php,068d4f13febd3b2828d5298a6e2b98226ac44d0c,true,false
adam-boduch/coyote,tests/Feature/Controllers/Microblog/SubmitControllerTest.php,85c9cfb724551cce8e8fd2023bedb8f4b3fc7e4c,true,false
aimeos/ai-admin-jqadm,src/Admin/JQAdm/Locale/Site/Standard.php,9a4e0fa9d09dd297f2fb935c5a8ad128e83a7fdc,true,false
aimeos/ai-client-html,templates/client/html/basket/related/body.php,2fc7f65f19f99f8e6f00e91392771ea1b87b1c5e,true,false
aimeos/ai-client-html,themes/client/html/default/basket-bulk.css,2fc7f65f19f99f8e6f00e91392771ea1b87b1c5e,true,false
aimeos/ai-client-html,templates/client/html/catalog/count/tree-body.php,90b151f4131e667aa2f030385eefd8e9be4c2c30,true,true
aimeos/ai-client-html,templates/client/html/catalog/filter/tree-partial.php,981e4cd75240505db615465111ccf18d333345d4,false,true
aimeos/ai-client-html,templates/client/html/common/partials/media.php,a6b810d8195e0f2f28d1c77eac8b55b33c576a0e,true,false
aimeos/aimeos-laravel,src/views/base.blade.php,676d0fc39d741c2d0058c36e9845d8c8613bf4e8,false,true
aimeos/aimeos-laravel,src/Aimeos/Shop/Base/Support.php,953df4c420e54b17119cbd847bccb83036893b60,true,false
akaunting/akaunting,app/View/Components/Form/Group/File.php,3a32a7b026c545a9f7b9572f8023516cbbef9ccf,true,false
akaunting/akaunting,resources/views/banking/transactions/create.blade.php,d45305585da14acb8b02bbdafc8207e31eee0592,true,false
akrherz/iem,scripts/ingestors/dotcams/ingest_dot_webcams.py,123c3424a0d0e42f5fd79db20a1d91a8cdf77806,true,false
akrherz/iem,htdocs/plotting/auto/scripts100/p127.py,2ab05d189912d005475ed486da62cb4bd0ff71b8,true,false
akrherz/iem,cgi-bin/request/isusm.py,35654385fcd14032058365444c802201963a0bfc,true,false
akrherz/iem,htdocs/current/index.phtml,a836fadb3418e6b381d8d06542a6b060b08ea401,false,true
akrherz/iem,scripts/year/precip.py,a836fadb3418e6b381d8d06542a6b060b08ea401,false,true
akrherz/iem,cgi-bin/request/rwis.py,f4569e68ff23160a9b7991b7a5095dcb5a7f388c,true,false
akrherz/iem,scripts/ingestors/isusm/ingest_isusm.py,f4c45b4d1c9a05541c8b16e22f2b431ca9b72b75,true,false
alphadevx/alpha,public/js/validation.js,7ba8cf95f598f2dc9e93698846cee18c8927818c,true,false
alphadevx/alpha,Alpha/View/Widget/Button.php,ce384b13804663dfc3168afe8c16c3139794671a,true,false
apioo/psx-schema,src/Generator/Type/Go.php,395ef13c6261ea9aa9d0e60166e0923ef54e0484,true,false
astlinux-project/astlinux,package/system-vendor/system-vendor.sh,f3bb1b71b090c03dbd86aa303c020e11403d9da8,true,false
auth0/auth0-PHP,tests/Utilities/MockCrypto.php,04b1f5daa8bdfebc5e740ec5ca0fb2df1648a715,true,true
auth0/auth0-PHP,tests/Utilities/MockDataset.php,04b1f5daa8bdfebc5e740ec5ca0fb2df1648a715,true,true
auth0/laravel-auth0,src/Http/Controller/Stateful/Callback.php,1a4b3ee4588aaaf60fb054f9d342d70b7911a6f6,true,false
autowp/autowp,module/Application/src/Model/CarOfDay.php,8e5051162467d9f2174ef0615fb73b538512ba0b,true,false
aws/aws-sdk-php,src/Signature/SignatureV4.php,9c5ffbf5b85caf34851fec3652d32b1dc8f92a7b,false,true
bamyers99/Bambots,src/scripts/clearcache.sh,efee56569a12e7b13ba0483b9022de66528b458a,false,true
barryvdh/laravel-debugbar,src/DataCollector/ViewCollector.php,09dc915ae3ab0b96ae78c2bfc369fac38d0b4162,true,true
barryvdh/laravel-ide-helper,tests/Console/ModelsCommand/GeneratePhpdocWithForcedFqn/__snapshots__/Test__test__1.php,07f5eaea73d7b4ddbdec322d76df79351d144509,true,false
barryvdh/laravel-ide-helper,tests/Console/ModelsCommand/GeneratePhpdocWithFqn/__snapshots__/Test__test__1.php,07f5eaea73d7b4ddbdec322d76df79351d144509,true,false
barryvdh/laravel-ide-helper,tests/Console/ModelsCommand/SoftDeletes/__snapshots__/Test__test__1.php,07f5eaea73d7b4ddbdec322d76df79351d144509,true,false
barryvdh/laravel-ide-helper,tests/Console/ModelsCommand/Factories/Test.php,5eadd2c7dea2ebccacebed1897f83787d0765a13,true,false
barryvdh/laravel-ide-helper,tests/Console/ModelsCommand/Factories/__snapshots__/Test__test_8__1.php,5eadd2c7dea2ebccacebed1897f83787d0765a13,true,false
barryvdh/laravel-ide-helper,tests/Console/ModelsCommand/Factories/__snapshots__/Test__test_9__1.php,5eadd2c7dea2ebccacebed1897f83787d0765a13,true,false
barryvdh/laravel-ide-helper,tests/Console/ModelsCommand/Factories/__snapshots__/Test__test__1.php,5eadd2c7dea2ebccacebed1897f83787d0765a13,true,false
barryvdh/laravel-ide-helper,tests/Console/ModelsCommand/GeneratePhpdocWithMixin/Models/Post.php,c8f0f914e35b167308394494cab1bc8cb0a5ef8e,true,false
bearcms/bearframework-addon,classes/BearCMS/Internal/Themes.php,a71e799d7f7196818aacb056b88e54d6f1981c9a,true,false
blindsidenetworks/moodle-mod_bigbluebuttonbn,classes/output/renderer.php,eaf90a53b0c1668bacc01794b7f615f458bbb2d6,true,false
bobthecow/psysh,test/ConfigPathsTest.php,bda33c2a279f66c1a8a9d2464576bd836844dd95,false,true
bobthecow/psysh,test/fixtures/which/bin/foo,bda33c2a279f66c1a8a9d2464576bd836844dd95,false,true
bobthecow/psysh,test/fixtures/which/home/username/bin/foo,bda33c2a279f66c1a8a9d2464576bd836844dd95,false,true
bobthecow/psysh,test/fixtures/which/notexec/bar,bda33c2a279f66c1a8a9d2464576bd836844dd95,false,true
bobthecow/psysh,test/fixtures/which/notexec/baz,bda33c2a279f66c1a8a9d2464576bd836844dd95,false,true
bobthecow/psysh,test/fixtures/which/notexec/foo,bda33c2a279f66c1a8a9d2464576bd836844dd95,false,true
bobthecow/psysh,test/fixtures/which/sbin/bar,bda33c2a279f66c1a8a9d2464576bd836844dd95,false,true
bobthecow/psysh,test/fixtures/which/sbin/foo,bda33c2a279f66c1a8a9d2464576bd836844dd95,false,true
bobthecow/psysh,test/fixtures/which/usr/bin/bar,bda33c2a279f66c1a8a9d2464576bd836844dd95,false,true
bobthecow/psysh,test/fixtures/which/usr/bin/foo,bda33c2a279f66c1a8a9d2464576bd836844dd95,false,true
bobthecow/psysh,test/fixtures/which/usr/sbin/foo,bda33c2a279f66c1a8a9d2464576bd836844dd95,false,true
brainworxx/kreXX,src/Analyse/Callback/Analyse/Objects.php,51e13d1a3dfba3b3ebbf4e9600d40a084591b9fc,true,false
brainworxx/kreXX,tests/Unit/Service/Misc/EncodingTest.php,657796ef2c2791790e406ed6e9868397b8a42bd0,true,false
brainworxx/kreXX,src/Analyse/Callback/Iterate/ThroughMetaReflections.php,ace7cb13c3ede5c2e141ff3db9514f284febb8a4,true,false
brainworxx/kreXX-TYPO3-Extension,Classes/Plugins/Typo3/EventHandlers/QueryDebugger.php,05e83bad14f5493cf21d5151e753e289702ff1b0,true,false
centreon/centreon,www/include/configuration/configObject/service_template_model/listServiceTemplateModel.ihtml,00b808aa5e9c1f41b47b8daf87642810d948ec4b,true,false
centreon/centreon,www/class/centreonXMLBGRequest.class.php,13eba5875afd6d5709cc4ef34c92feeab0bdebe4,true,false
centreon/centreon,www/class/centreon-clapi/centreon.Config.Poller.class.php,1bbc87423dfbd785fa1d229b826dfc9414e971f1,true,false
centreon/centreon,www/class/centreonWidget/Params/Connector/Poller.class.php,1c7dbfa07170a28d94446ca2547371826ba2ab16,true,false
centreon/centreon,www/class/centreonNotification.class.php,1e07242cf4657d631fa256aabec234bb26d224be,true,false
centreon/centreon,tests/api/Context/PlatformInstallationStatusContext.php,2df2c4f22c4e189e5efe5afbba6b5dcd1778b306,true,false
centreon/centreon,tests/api/behat.yml,2df2c4f22c4e189e5efe5afbba6b5dcd1778b306,true,false
centreon/centreon,tests/api/features/PlatformInstallationStatus.feature,2df2c4f22c4e189e5efe5afbba6b5dcd1778b306,true,false
centreon/centreon,src/Core/Infrastructure/RealTime/Repository/DataBin/DbReadPerformanceDataRepository.php,3231348ecd81d59e0b3077bd1ac4e5313d6ca636,false,true
centreon/centreon,www/install/steps/process/insertBaseConf.php,3dc4288f9975c4477eeb0bce188f26ffc8e1c170,true,false
centreon/centreon,cron/centAcl.php,4827b45c7ac08a4662231d893f98930d55e2a451,true,false
centreon/centreon,www/class/centreonHostgroups.class.php,48348f29a50eef6d2712328db66218920e0c0876,true,false
centreon/centreon,www/install/php/Update-22.04.0-beta.1.php,4c02073dc0614d8472669251031b8dec6a1178a7,true,false
centreon/centreon,www/class/centreon-clapi/centreonService.class.php,646d3b9e2c0b15253232fdf3be6126bb4f141c45,true,false
centreon/centreon,lib/perl/centreon/script.pm,6a26c0263dd8ec93b8d3536fabaff6f254041438,true,false
centreon/centreon,www/api/class/centreon_ceip.class.php,7075fb1f091cd772bbb56ccb874ee876f6271104,true,false
centreon/centreon,www/include/views/graphs/getGraphAjax.php,714278342ebe9f998b99edc17c5f9e1e200a610c,false,true
centreon/centreon,www/include/views/graphs/graphs.html,714278342ebe9f998b99edc17c5f9e1e200a610c,false,true
centreon/centreon,www/class/centreon-clapi/centreonLDAP.class.php,72732a87232b69a0f63b6ac30de1491922195bda,true,false
centreon/centreon,www/class/centreon-knowledge/procedures.class.php,7618009493a74d8a6a4e5a64fac2297bb91ce1c2,true,false
centreon/centreon,www/include/configuration/configResources/DB-Func.php,8b551f769e1d3157e14e958906731973aba65bd1,true,false
centreon/centreon,www/class/centreonMedia.class.php,999711d63d66dd547a84d79a2ed35dd7e500a793,true,false
centreon/centreon,www/include/common/javascript/commandGetArgs/cmdGetExample.php,a23dfa50e9ec3d4c69c3219d06626281be15a96e,true,false
centreon/centreon,www/api/class/centreon_clapi.class.php,b877310002da8802d21552c86864fd965650f816,true,false
centreon/centreon,www/include/options/accessLists/groupsACL/groupsConfig.php,cbaffd5f401fcc72a87d449c7879944cbfad8e41,true,false
centreon/centreon,www/include/monitoring/common-Func.php,cc4df5d8bb13007c5c80c764197edbdf93c2e9c9,true,true
centreon/centreon,install.sh,cd9f73f41863acb45af2a7a32bfa73a2e667ed2f,true,false
centreon/centreon,tmpl/vardistrib/defaults,cd9f73f41863acb45af2a7a32bfa73a2e667ed2f,true,false
centreon/centreon,www/install/insertTopology.sql,d1b9ce48d73c446e00528554dff467cbc4ece58a,true,false
centreon/centreon,www/class/centreonMeta.class.php,d2a27d63f08462b325bb438b79ed1595757f2583,true,false
centreon/centreon,src/Centreon/Infrastructure/HostConfiguration/Repository/HostConfigurationRepositoryRDB.php,d8f6d91f9ade1f3b201bc951b779e669b30e23d0,true,false
centreon/centreon,www/class/centreon-clapi/centreonHostGroup.class.php,dbd71ca301a4cc651b4b817b779031918638be5a,true,false
centreon/centreon,src/Centreon/Domain/Monitoring/CommandLineTrait.php,dd0ccc81f72933f3ec5ae90da842f4927b4c3e2b,true,false
centreon/centreon,www/class/centreonCriticality.class.php,f1053a2767e4cd508ddb4b01ed9889e986c42afb,true,true
centreon/centreon,.php-cs-fixer.dist.php,f2babef77b6fc60363e0f7422edf06f5cbf148a4,true,false
chindit/DadaPictures,src/Controller/Api/PackController.php,4fcdb5764c2b5b76e0db345bb953101d9db91ea0,true,false
christianwach/civicrm-wp-profile-sync,includes/acf/compat/cwps-acf-geo-mashup.php,cfeba1c8f969bfe9330f4209bb5cfc7b4f9555ac,true,false
commsy/commsy,assets/uikit2/css/custom/selectable.less,a92d643ad350171b8dd44d4378c4bf9c8a0c8a27,false,true
commsy/commsy,src/Twig/Extension/MarkupExtension.php,fe72ffe686c772166f0f1179a126218f24c004b4,true,false
comptoirdesappli/amapress,entities/mailing_group/classes.php,18eb0142917deba26395cb2ec6b8ac2b60ca0baa,true,false
concrete5-community-store/community_store,controllers/single_page/dashboard/store/reports/sales.php,515621c525e3648f4756bc182783334e1b293455,true,false
danog/MadelineProto,src/danog/MadelineProto/Loop/Connection/WriteLoop.php,5d91ae829631fde37eb6f24edcb372dec8c9462f,true,false
daverodal/wargaming,Wargame/MoveRules.php,d31691c7edfea35d7444df11bffe2cecf05774c4,false,true
debolk/bolknoms2,app/Http/Helpers/Navigation.php,a076ba30ef574a5049c58d0758863677e5e50cad,true,false
deployphp/deployer,recipe/magento2.php,6981405647c0ff3196c5a9ba3be72bb52d9e5a28,true,false
deployphp/deployer,docs/api.md,717a1a047fa8454c025a7740bc7c038fcc9e8b50,true,false
deployphp/deployer,src/functions.php,717a1a047fa8454c025a7740bc7c038fcc9e8b50,true,false
dereuromark/cakephp-queue,src/Queue/Processor.php,051aec617027ba2f2c11904d1bd9ee57b76199bc,true,false
dereuromark/cakephp-queue,src/Controller/Admin/QueueController.php,886eeac179bbd341be8ed4e9076609d389cda78c,true,false
devcode-it/openstamanager,modules/impianti/bulk.php,04dbc555c75faca6d99abe789bb3cde88ab2f35b,true,false
devcode-it/openstamanager,modules/modelli_primanota/add.php,29c89262f4254b3a43bd18744f6b87b07eabedb3,true,false
devcode-it/openstamanager,modules/modelli_primanota/edit.php,38c5cc2ab8465ab99fd5e3b1b57e77ce866363aa,true,false
devcode-it/openstamanager,plugins/importFE/actions.php,3eefde3920dab19c6de95aa5467907953d61f84f,true,false
devcode-it/openstamanager,templates/riepilogo_interventi/top.php,41ebe5ebc03437134d20bcf5ccae5eb93310bd18,true,false
devcode-it/openstamanager,assets/src/js/functions/datatables.js,8968230a9a9b6b754da14ba030f102926db5c46c,true,false
devcode-it/openstamanager,modules/fatture/bulk.php,97189c42ab0b3001a25512294c89165df9856de3,true,false
devcode-it/openstamanager,modules/aggiornamenti/src/UpdateHook.php,bffe51c49b4a909d425fef9fd8135493badc47ec,true,false
devcode-it/openstamanager,src/HTMLBuilder/Wrapper/HTMLWrapper.php,d8177bda1cbce5ec8f4da9ea6da8a9c1b48e5bdb,true,false
doctrine/migrations,composer.json,0b75d3a6a892a5d392797aa943090f4053077f3e,true,false
doctrine/migrations,lib/Doctrine/Migrations/Configuration/Migration/XmlFile.php,0b75d3a6a892a5d392797aa943090f4053077f3e,true,false
doctrine/migrations,tests/Doctrine/Migrations/Tests/Tools/Console/Command/MigrateCommandTest.php,0b75d3a6a892a5d392797aa943090f4053077f3e,true,false
doctrine/migrations,tests/Doctrine/Migrations/Tests/Tools/Console/Command/StatusCommandTest.php,0b75d3a6a892a5d392797aa943090f4053077f3e,true,false
dompdf/dompdf,src/FontMetrics.php,66431c58017d5b1bdb9f6f772b9fbbc5e3d38dc2,true,false
drupal-code-builder/drupal-code-builder,Test/Unit/ComponentPHPFile8Test.php,10f6922135786e84b3ac8108e8e0f5acd67b024d,true,false
drupal-code-builder/drupal-code-builder,Generator/PHPFunction.php,248ee3dcc868c2f9ab822fc43c97c895c5727336,false,true
drupal-code-builder/drupal-code-builder,Generator/PluginAnnotationDiscovery.php,a58056c7b409268acca70d80c1d813245f2c3af9,true,false
e-commit/EcommitCrudBundle,src/Crud/CrudConfig.php,7fd8fd346b19e25144cc756e8e827e96575de2e4,true,false
ecamp/ecamp3,frontend/src/views/camp/navigation/CampNavigation.vue,7706544d3052c82e39717855e1a386cd221271bb,false,true
ecamp/ecamp3,frontend/src/views/camp/navigation/NavDesktop.vue,7706544d3052c82e39717855e1a386cd221271bb,false,true
edzima/VestraTele,common/widgets/grid/IssueTypeColumn.php,3c585d5a93b58f9e1172ea91487beecfd736e9bd,false,true
elabftw/elabftw,src/classes/App.php,3b1c1409a1aef445d48a5719ac5d73ee743aa2f4,true,false
elmsln/elmsln,core/dslmcode/shared/drupal-7.x/libraries/gitphp/Git.php,f4b68c7f69e0dedafcd6b1550972694b6b8cbde8,true,false
enhavo/enhavo,src/Enhavo/Bundle/MediaBundle/Validator/Constraints/ClamAvValidator.php,207ca4e9b7b31bc3e98ba9e25c2c72f762e476b6,true,false
enhavo/enhavo,src/Enhavo/Bundle/FormBundle/Twig/FormExtension.php,5ef3d551cc41cf4e62ca335489f32c856907b183,true,false
enhavo/enhavo,src/Enhavo/Bundle/FormBundle/Resources/views/admin/form/form/fields.html.twig,ac7da087627cac9c800a31844f5b3ca36e24e5a4,true,false
enhavo/enhavo,src/Enhavo/Bundle/AppBundle/Filter/FilterQuery.php,d9870ceea155a9b381843a439a3628bd82526f93,true,false
espocrm/espocrm,client/modules/crm/src/views/opportunity/admin/field-manager/fields/probability-map.js,044ffbff136a2670ca477b72f66299cfd2bb33bf,true,false
espocrm/espocrm,client/src/views/admin/index.js,137b989064e2471ab1ee239852f3c30590b00a1c,true,false
espocrm/espocrm,client/src/views/fields/checklist.js,198b746ce358b23bd59fd8651187c3f18079d00e,true,false
espocrm/espocrm,application/Espo/Services/LeadCapture.php,1d03f557cee1423e01aff7884427e4a8cccf5081,true,false
espocrm/espocrm,client/src/views/fields/link-multiple-with-columns-with-primary.js,22084a3d7736cc5427416777238f8fd16e7344c3,true,false
espocrm/espocrm,client/src/views/dashlets/abstract/base.js,3a5e5146915755ae00727ea036c9cf4367b17342,true,false
espocrm/espocrm,client/src/views/settings/fields/theme.js,533b51aed42072ff5a7b492727915cd70c8830f1,true,false
espocrm/espocrm,client/src/controllers/last-viewed.js,6a346bd01d1ffa814ab518dbf978852920b5d40f,true,false
espocrm/espocrm,client/src/views/import-error/fields/line-number.js,6db74ec68fdfd0a3ba497fdb383ff89b86097570,true,false
espocrm/espocrm,client/src/views/fields/varchar.js,77d5e1997d0ba39e3776dc1f50eec8a8d9d81603,true,false
espocrm/espocrm,application/Espo/Modules/Crm/Business/Event/Ics.php,831e589b3dd519c313beb1bd7c504d6a48386ceb,true,false
espocrm/espocrm,client/modules/crm/res/templates/opportunity/admin/field-manager/fields/probability-map/edit.tpl,939d482cfb42caf3e35289dc641a3ec4fc2ff679,true,false
espocrm/espocrm,client/src/views/note/fields/post.js,9bcdef9107eef3a71d136c63ce4e3ae0cf69a0a2,true,false
espocrm/espocrm,client/src/router.js,adefd7d3c5b45cf5312c682af298f59d2aa7746d,true,false
espocrm/espocrm,client/src/views/global-search/panel.js,b191896fb1144365fc52f459b62c30b819472afd,true,false
espocrm/espocrm,client/src/views/address-map/view.js,b7de48a8e8ec734d9f6b6f4a12769a414e6447d6,false,true
espocrm/espocrm,client/src/views/fields/person-name.js,b8a53f793ab0413aa4e34208bd3d500188dbaf4d,true,false
espocrm/espocrm,client/src/views/record/edit.js,be981741ce9b4dcb6d517505476388d6a98af9de,true,false
espocrm/espocrm,client/res/templates/stream/record/edit.tpl,bea7442ecfe324730cbf2eadffcbcc0ff7dab462,true,false
espocrm/espocrm,application/Espo/ORM/QueryComposer/MysqlQueryComposer.php,cd1786c8ac4cbf04005a42d5ab56f0232a26f6af,true,false
espocrm/espocrm,js/scripts/postinstall-cleanup.js,e8946bb4feb9dda6513e38589f0112051330765d,true,false
espocrm/espocrm,client/res/templates/modals/edit-dashboard.tpl,f9bb35ae68e692d305a1880d61768795e8edb336,true,false
esprange/kleistad,public/class-public-registratie-display.php,be8b659946e4048b38154a9a34297bf03906a677,true,false
fabiomattei/uglyduckling,src/Common/Json/JsonTemplates/Menu/MenuJsonTemplate.php,493140c908bbaa5356a792a079a936623cfb1f1e,true,false
fabiomattei/uglyduckling,src/Common/Json/JsonTemplates/Form/FormJsonTemplate.php,c47a3ea4189a1ec90194ecdd742e7263d00bb53d,true,false
fetus-hina/stat.ink,commands/license/LicenseCheckTrait.php,0cf1cd27de8cce1de4c72f1b22aeadf035c9faa6,true,false
fetus-hina/stat.ink,migrations/m220910_105227_point_sensor_alias.php,4755bb89ae1c3052bf31c061204dfd750b8788c7,true,false
fetus-hina/stat.ink,migrations/m210124_210928_splatfest2_data.php,67e220cab3a46e3615f2c9a8151d0291e5eccad4,true,false
fetus-hina/stat.ink,migrations/m220916_020814_s3_111_time.php,90ec3a2b83524198ce9da0df882335f83482a21b,true,false
flarum/mentions,js/src/forum/utils/selectedText.js,3a7e708de31aa16c4c8d0aa13b087517873e9c7c,true,true
flarum/mentions,src/Listener/UpdateMentionsMetadataWhenVisible.php,dbb802f4ba52b6baec02b2d6e0c6e335c658e390,true,false
flarum/mentions,tests/integration/api/PostMentionsTest.php,dbb802f4ba52b6baec02b2d6e0c6e335c658e390,true,false
flarum/mentions,tests/integration/api/UserMentionsTest.php,dbb802f4ba52b6baec02b2d6e0c6e335c658e390,true,false
foodcoopshop/foodcoopshop,src/View/Helper/MyNumberHelper.php,b5a2758ca10f0c7a65e5c0d0a520562e37a1cbd0,true,false
futtta/autoptimize,config/autoptimize_404_handler.php,e64e6781cea28512f59d3d852464ed20e7355402,true,false
geoff-maddock/events-tracker,resources/views/auth/login.blade.php,d492f93649da2f075218ff4e7b5c1251ef84cdd0,true,false
geoff-maddock/events-tracker,app/Http/Controllers/ForumsController.php,d4a5bf727a3059f447a8a83d3f6ac9760c4e09a3,true,false
getsentry/sentry-php,src/Integration/RequestIntegration.php,83e50c807646a825bf298494df42f311846911ef,true,false
getsentry/sentry-php,tests/Integration/RequestIntegrationTest.php,83e50c807646a825bf298494df42f311846911ef,true,false
gjb2048/moodle-format_topcoll,Changes.md,9fb89bd5c56600f328b21d2e47824fbd7851d451,true,false
glpi-project/glpi,src/Dashboard/Dashboard.php,03b79cacd8c0b18a90f1536d59e05a52ea12f68a,true,false
glpi-project/glpi,tests/functionnal/Glpi/Dashboard/Dashboard.php,03b79cacd8c0b18a90f1536d59e05a52ea12f68a,true,false
glpi-project/glpi,tests/fixtures/inventories/lxc-server-1.json,12633a032b6cb68a538765fb1fc58dcfc165a7d6,true,false
glpi-project/glpi,tests/functionnal/Glpi/Inventory/Assets/Software.php,15a89c00de2afcdb1a993aa84540da2262205496,true,false
glpi-project/glpi,tests/functionnal/Glpi/Inventory/Assets/NetworkPort.php,2c80a13510749c43e6e3104dcadb3c0e06dc44f9,true,false
glpi-project/glpi,src/Plugin/HookManager.php,2cb3e91924861b680c08c3d21e910675908124eb,true,false
glpi-project/glpi,templates/components/itilobject/actors/main.html.twig,2fe0286a031922ce4c691ad80b3cb6fc59ee87ef,true,false
glpi-project/glpi,src/ComputerVirtualMachine.php,5af9349dc116daadcbe515203f75e52259aa3e82,true,false
glpi-project/glpi,src/DeviceFirmware.php,66f870739a5ee92ffc5ab2b2f30c17f5937928cd,true,false
glpi-project/glpi,src/Console/Build/CompileScssCommand.php,6be48493d5324f539e4bc82e6138cd208bc4219a,true,false
glpi-project/glpi,tests/units/Glpi/Inventory/Request.php,7db69bfdc195fd746d13700e155003725253cb35,true,false
glpi-project/glpi,tests/web/Glpi/Inventory/Request.php,7db69bfdc195fd746d13700e155003725253cb35,true,false
glpi-project/glpi,src/Agent.php,810bd64d3fd6bebd4cbbe8ebc787dd8e6d5da179,true,false
glpi-project/glpi,src/ReservationItem.php,83588dc86e6e8b69ade73f4c608ab3d40351b163,true,false
glpi-project/glpi,templates/components/infocom.html.twig,9134e61ca569f9f2699162c7d3236d4b8757f235,true,false
glpi-project/glpi,src/PendingReasonCron.php,94e14869b81cad9a9ae8d14136a544971fabe11b,true,false
glpi-project/glpi,templates/components/itilobject/timeline/pending_reasons_messages.html.twig,9663110e984adfcc8f8f8a30d426ecbaf45a2618,true,false
glpi-project/glpi,templates/components/itilobject/timeline/sub_documents.html.twig,9a7113c0f04f1d49dbd6e1d60d33145dc0b1b149,true,false
glpi-project/glpi,templates/components/itilobject/timeline/timeline.html.twig,aeb2f0db57e48f3a08406c437542150cf14551d8,true,false
glpi-project/glpi,tests/functionnal/Glpi/Inventory/Assets/Cartridge.php,b023a03d7de0329f70853a90000e45a7dd6e938b,true,false
glpi-project/glpi,templates/components/itilobject/timeline/form_document_item.html.twig,b6ab5f65a420459e21a77e8c5a0856ce4041b2ca,true,false
glpi-project/glpi,css/standalone/dashboard.scss,cbebcd19930537d539dbfd70c6b0488b5dcf2de8,true,false
glpi-project/glpi,src/Log.php,ee20348437b032b929e8e12ae32a295466e0b001,true,false
glpi-project/glpi,templates/pages/login.html.twig,f5dc3997aca5ccd225689b63423eeaecc96a1c99,true,false
glpi-project/glpi,tools/build_glpi.sh,f625f2f83437b2b2c37d8e1138936b0161d958f8,false,true
glpi-project/glpi,js/fileupload.js,f9c2d2454c8cfe73fdd2e3be46625bb1eb298a3d,true,false
glpi-project/glpi,front/logout.php,fb33cc21c6603930c2257acd0e38cc1a3eb6a08c,true,true
googleapis/google-cloud-php,Bigtable/composer.json,11664e0f42ad5455871fd4038381cef20c06d9ae,true,false
googleapis/google-cloud-php,Bigtable/src/Table.php,11664e0f42ad5455871fd4038381cef20c06d9ae,true,false
googleapis/google-cloud-php,Bigtable/tests/Unit/TableTest.php,11664e0f42ad5455871fd4038381cef20c06d9ae,true,false
googleapis/google-cloud-php,Spanner/README.md,69162b2c46130b89f9d5c9e27cf9f671e387087f,true,false
googleapis/google-cloud-php,Spanner/src/Session/CacheSessionPool.php,69162b2c46130b89f9d5c9e27cf9f671e387087f,true,false
googleapis/google-cloud-php,Spanner/tests/Unit/Session/CacheSessionPoolTest.php,69162b2c46130b89f9d5c9e27cf9f671e387087f,true,false
googleapis/google-cloud-php,DataCatalog/metadata/V1/Bigquery.php,a1cef1cd770e756f60f21d9c13d89442be92790a,true,true
googleapis/google-cloud-php,PubSub/src/Subscription.php,a6e8e2d564c86ea215ef953e0b86d4d39c32258a,true,false
googleapis/google-cloud-php,PubSub/tests/System/PublishAndPullTest.php,a6e8e2d564c86ea215ef953e0b86d4d39c32258a,true,false
googleapis/google-cloud-php,PubSub/tests/Unit/SubscriptionTest.php,a6e8e2d564c86ea215ef953e0b86d4d39c32258a,true,false
googleapis/google-cloud-php,Datastore/src/Connection/Grpc.php,e559d46fd3a976d02019b6c0fc920e4832f6c0ff,true,false
googleapis/google-cloud-php,Firestore/src/PathTrait.php,f460fafbecdb99265070c750e3408c514010f13a,true,false
googleapis/google-cloud-php,Firestore/tests/Unit/PathTraitTest.php,f460fafbecdb99265070c750e3408c514010f13a,true,false
hiqdev/hipanel-core,src/helpers/ArrayHelper.php,424cb3d8f43e438bcfea88b3b0d761c6d9fa7da7,true,false
hiqdev/hipanel-core,src/validators/DomainValidator.php,4bb98a8476005ac58124c3da043d059b3bd586dd,true,false
hiqdev/hipanel-core,config/bootstrap.php,5d4b8dfaead35aabdea9a8d5fde937b4b9224a8d,true,false
hiqdev/hipanel-core,src/views/menus/userMenuHeader.php,670d16f8a699615977ec45823dd12e18e5cd31d1,true,false
hiqdev/hipanel-core,config/acceptance.php,b5f6e74cd9aaebc77ac114a356b8c164173bd0d6,true,false
hiqdev/hipanel-module-client,src/views/client/index.php,c3242938a7b9c57b2e580c6cdf0d989151ff2fb2,true,false
hiqdev/hipanel-module-finance,src/models/Resource.php,03df2eb66b3b5dba59d7dca272f76ec08d453273,true,false
hiqdev/hipanel-module-finance,src/views/target/modals/change-plan.php,80abdc59a3fbd29d4f5d5399401d2113304771e5,true,false
hiqdev/hipanel-module-finance,src/cart/AbstractCartPosition.php,a2d4db731d7ae54acffc40b9862e8ccc5c70f1a5,true,false
hiqdev/hipanel-module-finance,src/grid/RequisiteGridView.php,b1e6c7502737587a363c08b3da096ff26f2f4d0c,true,false
hubzero/hubzero-cms,core/components/com_tools/site/controllers/pipeline.php,0bcb5539c680613fb70f42930e9948efd43d173b,true,false
hubzero/hubzero-cms,core/plugins/resources/reviews/helper.php,613a678a7f31f021f390a01c37cdd84adaf0fc61,true,false
hubzero/hubzero-cms,core/plugins/authentication/shibboleth/assets/js/shibboleth.js,7be6d02154a873599917c7a53f336cf47f27a99a,true,false
ilrWebServices/ilr,web/modules/custom/ilr/src/Plugin/Field/FieldFormatter/CollectedItemEntityFormatter.php,3921550809e70d86e16d10ec7ba8cd3d8a72c4fa,true,false
ilrWebServices/ilr,web/themes/custom/union_marketing/union_marketing.libraries.yml,8b22172367692439df818acd0799c36625afeafb,false,true
imabug/raddb,app/Http/Controllers/MachineListingController.php,cb0735a3939904eb8fa270362f9a0dfe708971f8,false,true
imabug/raddb,resources/views/layouts/calendar.blade.php,fdc0a97c7f55b78500c25f519402a02399b126ef,false,true
imgag/megSAP,src/Tools/contamination_detection_somatic.php,1c0f58eb2f68928fac151d603e29416bfae9379b,false,true
imgag/megSAP,test/data/copy_sample.sql,5310c49c266bc1c5e4409568fe4ce5faaf235dee,true,false
imgag/megSAP,test/data/an_somatic_gsvar_ref1.GSvar,bcb3eb9a39b884a2cae374c8282e9e1828d5c701,true,false
imgag/megSAP,test/data/vc_clincnv_somatic_out.tsv,bcb3eb9a39b884a2cae374c8282e9e1828d5c701,true,false
inc2734/snow-monkey,src/js/global-nav.js,98b1e5bf6d6381dbd283783db678a020d2dddba7,true,false
iomad/iomad,blocks/iomad_company_admin/lib/course_selectors.php,0519bbda8ff0edabf2306afc2d1a7a9933b23e8f,true,false
iomad/iomad,blocks/iomad_company_admin/iomad_courses_form.php,26cd19e09c60d7280268c89c2f2e8cb50795dd9f,true,false
iomad/iomad,blocks/iomad_commerce/confirm.php,7731fbc35f3056c5c813b90e490bca5066ec1ed0,true,false
iomad/iomad,blocks/iomad_microlearning/block_iomad_microlearning.php,7a01d69d04ebaf9aaac8e6994ec312e2ba7363c2,true,false
iomad/iomad,admin/tool/iomadpolicy/classes/api.php,d384c94a245dd80ffd350d1fd01b6f93a8250e11,true,false
iomad/iomad,local/email/lib/vars.php,f644b9f64f5154a450c52056bfebc25a07825685,false,true
jegelstaff/formulize,include/im_multilanguage.php,7ae7e8de02feb95a00404e05b47f6d61ec872cf8,true,false
jimwins/scat,ui/web/catalog/item-row.twig,67dc2045736ae15db4b4fa4c4018d45fa6d4392e,true,false
jimwins/scat,lib/Scat/Service/PayPal.php,82ef4e95ea4f755c563a85116f5822e33bc54313,true,false
jimwins/scat,lib/Scat/Web/Catalog.php,96af8cbc8a1be7247111a70e1043fb6ff7d5afdf,true,false
jimwins/scat,lib/Scat/Controller/Quickbooks.php,fc628abbc1a6c682dcf88c6b69ad890b9af696e3,true,false
jonsito/AgilityContest,agility/server/pdf/classes/PrintInscripciones.php,903c2eb975e7765c0610113c497cef0b5c1fb5ff,true,false
joomla/joomla-cms,administrator/modules/mod_submenu/tmpl/default.php,1c238e963e576326b0223b2c04fccac9fe5e2831,true,false
joomla/joomla-cms,layouts/joomla/toolbar/dropdown.php,5bd9f1ba9fd621a66bda2b5fddb88c5c95a7846b,true,false
joomla/joomla-cms,administrator/components/com_admin/sql/updates/mysql/4.2.1-2022-08-23.sql,9df5e6c7a7a1c6ec0aed99d6d4a22be048b9b299,true,true
joomla/joomla-cms,administrator/components/com_admin/sql/updates/postgresql/4.2.1-2022-08-23.sql,9df5e6c7a7a1c6ec0aed99d6d4a22be048b9b299,true,true
joomla/joomla-cms,administrator/components/com_menus/tmpl/item/edit.php,c2330b3e2244c6a67cbd2d5a4852aa62c6855a66,false,true
joomla/joomla-cms,administrator/components/com_templates/tmpl/templates/default.php,cad44c0b570fff57c7fd7cff5b6daabe1f4c6828,true,false
joomla/joomla-cms,build/media_source/system/js/fields/calendar.es5.js,ecc2cf0dc958512538d9b8c5ed59676f3a3e365f,true,false
kiwi3685/kiwitrees,includes/functions/functions_resource.php,2db25164b09200d7280b94f31185daef187d5b06,false,true
kiwi3685/kiwitrees,admin_users.php,f0b719cd6dbc4b9eac3dae611927f0663186bfe4,true,false
kiwi3685/kiwitrees-nova,includes/functions/functions_print_lists.php,27b050f10713bf49c6129af08243c75ccdb775fc,false,true
kiwi3685/kiwitrees-nova,modules_v4/list_media/module.php,3bf774998e63f2c3c43492feb02f5db8fae00fe9,false,true
kiwi3685/kiwitrees-nova,relationship.php,ef4aea1b265c2d18b73f3ae8f73d4dbd672cf13d,false,true
krystal-framework/krystal.framework,src/Krystal/Mail/Mailer.php,6bcc8ee2822cae72eab8e6d4ad99cb8406c8dd03,true,false
kujirahand/konawiki2,kona-engine/action/edit.inc.php,b32aae8dd71c8ff3e9cd8893042075877c59fbd1,true,false
kujirahand/konawiki2,kona-engine/plugins/ls.inc.php,b8564a6a024002c68cd6eb33f7a8dfab62a4a7e2,true,false
laravel/framework,src/Illuminate/Support/MessageBag.php,042406aad54109ea27e83d54f736e2f749a90860,true,false
laravel/framework,tests/Support/SupportMessageBagTest.php,042406aad54109ea27e83d54f736e2f749a90860,true,false
laravel/framework,src/Illuminate/Database/Schema/Grammars/ChangeColumn.php,05bdefd86ba4386a6e93f80a761537f833014b55,true,false
laravel/framework,tests/Database/DatabaseSchemaBlueprintIntegrationTest.php,05bdefd86ba4386a6e93f80a761537f833014b55,true,false
laravel/framework,tests/Integration/Database/DBAL/TimestampTypeTest.php,05bdefd86ba4386a6e93f80a761537f833014b55,true,false
laravel/framework,tests/Integration/Database/SchemaBuilderTest.php,05bdefd86ba4386a6e93f80a761537f833014b55,true,false
laravel/framework,src/Illuminate/Notifications/Messages/MailMessage.php,07ebd92a30f23c636cca2b0e97d4762087a4c451,true,false
laravel/framework,src/Illuminate/Console/Concerns/InteractsWithIO.php,09d50b70557cd061ced973efcd06713a0bf803c4,true,false
laravel/framework,src/Illuminate/Container/Container.php,150bd1b91d7f850aa08bad7a984d154c9800eefa,true,false
laravel/framework,tests/Container/ContainerResolveNonInstantiableTest.php,150bd1b91d7f850aa08bad7a984d154c9800eefa,true,false
laravel/framework,src/Illuminate/View/Compilers/BladeCompiler.php,213074f15e6398137e0b7cf1809368e62b0c03f1,true,false
laravel/framework,tests/View/Blade/BladeCustomTest.php,213074f15e6398137e0b7cf1809368e62b0c03f1,true,false
laravel/framework,tests/Auth/AuthAccessResponseTest.php,331757faf2c4db0142aa29613c46c959a0c71432,true,false
laravel/framework,tests/Integration/Foundation/ExceptionHandlerTest.php,331757faf2c4db0142aa29613c46c959a0c71432,true,false
laravel/framework,tests/Integration/Database/EloquentModelCustomCastingTest.php,4431fb3bb3cb4cfcf9dd9b13124e459a0684a6fd,true,false
laravel/framework,src/Illuminate/Support/Facades/Mail.php,47ab01c0101d4bda3e11fe3699a9107a026dc2b5,true,false
laravel/framework,src/Illuminate/Validation/ValidationRuleParser.php,5bba757882b6313ea1adeafa1ceffdfc8cc91078,true,true
laravel/framework,src/Illuminate/Filesystem/AwsS3V3Adapter.php,5de463e56b458518a0a590e187d97e7345b13af0,true,false
laravel/framework,tests/Filesystem/FilesystemAdapterTest.php,5de463e56b458518a0a590e187d97e7345b13af0,true,false
laravel/framework,tests/Support/SupportCollectionTest.php,7094bc17f6cc9fe64d47d5ab4e10f576de85fe24,false,true
laravel/framework,src/Illuminate/Validation/Concerns/FormatsMessages.php,78289b4abc61d24755102907ce3bbd95127b3540,true,false
laravel/framework,src/Illuminate/Support/DateFactory.php,7f67ce97f663cfc01f572f0b5b039f99eae7c4a5,true,false
laravel/framework,src/Illuminate/Http/Client/Factory.php,7fa4beb386a139cabb730a7e3b9571ba8ea2a181,true,false
laravel/framework,src/Illuminate/Support/Fluent.php,84d3cc9b89d9cfd394969493be366ee1ac32d675,true,false
laravel/framework,src/Illuminate/Database/Eloquent/Relations/Concerns/InteractsWithPivotTable.php,92846ac4209042d7885066137f7cd616e2fac663,false,true
laravel/framework,src/Illuminate/Foundation/Support/Providers/EventServiceProvider.php,b32808d34c7b8f731f9af4d08fa11773923755fe,true,false
laravel/framework,tests/Foundation/FoundationDocsCommandTest.php,b67f4af2d0ee5ec6ee478e3ae609a6ab273f996a,true,false
laravel/framework,src/Illuminate/Http/Client/PendingRequest.php,b8989240a401628e539096ff9b18558b72515258,true,false
laravel/framework,tests/Http/HttpClientTest.php,b8989240a401628e539096ff9b18558b72515258,true,false
laravel/framework,tests/Bus/BusBatchTest.php,bcb27964724280390c504bd1e8af128d949d5baa,true,false
laravel/framework,src/Illuminate/Routing/RouteDependencyResolverTrait.php,c4b61fa328b20d603dd70e3a411e28da6e190ba6,true,false
laravel/framework,tests/Integration/Routing/ImplicitBackedEnumRouteBindingTest.php,c4b61fa328b20d603dd70e3a411e28da6e190ba6,true,false
laravel/framework,tests/Routing/ImplicitRouteBindingTest.php,c4b61fa328b20d603dd70e3a411e28da6e190ba6,true,false
laravel/framework,src/Illuminate/Database/DetectsLostConnections.php,ca0c5e2cd8bda421cc946180bb9428806f92c56f,true,false
laravel/framework,src/Illuminate/Http/Middleware/SetCacheHeaders.php,cbeb50b482277dc0a81fc6552e280cdff98b0de9,true,false
laravel/framework,src/Illuminate/Bus/Batchable.php,ce12bc07296b34642b2d1ffb79de194e64712409,true,false
laravel/framework,src/Illuminate/Support/Testing/Fakes/BatchFake.php,ce12bc07296b34642b2d1ffb79de194e64712409,true,false
laravel/framework,src/Illuminate/Foundation/Bootstrap/HandleExceptions.php,d65260d12656e41a371a054a60dbe6e2163ebcd5,true,false
laravel/framework,src/Illuminate/Database/Console/PruneCommand.php,eb424de329816457e32ec9273b12aba320b0dc7f,false,true
laravel/framework,src/Illuminate/Http/Client/Response.php,f310c74b4aa73336957de6b7830e0dbd2471a70e,true,false
laravel/framework,tests/Broadcasting/PusherBroadcasterTest.php,f310c74b4aa73336957de6b7830e0dbd2471a70e,true,false
laravel/framework,tests/Broadcasting/RedisBroadcasterTest.php,f310c74b4aa73336957de6b7830e0dbd2471a70e,true,false
laravel/framework,tests/Foundation/Testing/DatabaseMigrationsTest.php,f310c74b4aa73336957de6b7830e0dbd2471a70e,true,false
laravel/framework,tests/Foundation/Testing/RefreshDatabaseTest.php,f310c74b4aa73336957de6b7830e0dbd2471a70e,true,false
laravel/framework,tests/Foundation/Testing/Traits/CanConfigureMigrationCommandsTest.php,f310c74b4aa73336957de6b7830e0dbd2471a70e,true,false
laravel/framework,tests/Mail/AttachableTest.php,f310c74b4aa73336957de6b7830e0dbd2471a70e,true,false
laravel/framework,tests/Queue/DatabaseFailedJobProviderTest.php,f310c74b4aa73336957de6b7830e0dbd2471a70e,true,false
laravel/framework,tests/Queue/QueueSqsJobTest.php,f310c74b4aa73336957de6b7830e0dbd2471a70e,true,false
laravel/framework,tests/Queue/QueueSqsQueueTest.php,f310c74b4aa73336957de6b7830e0dbd2471a70e,true,false
laravel/framework,tests/Queue/QueueWorkerTest.php,f310c74b4aa73336957de6b7830e0dbd2471a70e,true,false
laravel/framework,tests/Support/SupportTestingEventFakeTest.php,f310c74b4aa73336957de6b7830e0dbd2471a70e,true,false
laravel/framework,src/Illuminate/Cache/RateLimiting/Limit.php,f4468c133f019286b216afad12ee837d7c220877,false,true
laravel/framework,src/Illuminate/Log/LogManager.php,f53be1f1df66d8867923afd678b0abc83ac7caa4,true,false
laravel/framework,src/Illuminate/Support/Facades/Validator.php,f62209e4af763138895574f1c839cd7958d102ac,true,true
laravel/framework,src/Illuminate/Queue/DatabaseQueue.php,fc9dc59b8e9f42092cc0499a56c357265acb2ed4,true,false
lightspeeddevelopment/lsx,includes/template-tags.php,5efa584ce0ac012d1f38faa697ecf87811f6e05c,true,false
lightspeeddevelopment/lsx,package.json,5efa584ce0ac012d1f38faa697ecf87811f6e05c,true,false
lightspeeddevelopment/lsx,readme.txt,5efa584ce0ac012d1f38faa697ecf87811f6e05c,true,false
lightspeeddevelopment/lsx,style.css,5efa584ce0ac012d1f38faa697ecf87811f6e05c,true,false
lightspeeddevelopment/lsx-projects,includes/class-lsx-projects-scpo-engine.php,cd827fcbef378fba4260cd13a3fbc736733a68c4,true,false
lightspeeddevelopment/tour-operator,vendor/lsx-banners/class-lsx-taxonomy-admin.php,85c188aa1013a298936714eee27d616c740e2dbb,true,false
lobbywatch/lobbywatch,run_db_export.sh,6910f045653d770c459b2ab304d8d655fc571fea,true,false
madbob/GASdottoNG,code/resources/views/booking/edit.blade.php,a5e055e616d4b15824c372416673f114afd2d6e1,true,false
madbob/GASdottoNG,code/app/Order.php,fd8d7fc0e475fa91dfe04f034abfc19151d2ebec,true,false
mailgun/mailgun-php,src/Api/Message.php,478f74e1ac9b6f31ae88d9e826979899a5030156,true,false
mapbender/mapbender-starter,application/src/ComposerBootstrap.php,34e54544559621ae52c6d2d7109c47dec53e0c59,false,true
matecat/MateCat,public/js/advancedOptionsTab.js,1efa5f79f7e9ae3b0c42d505f14f4f96c3aa07aa,true,false
matecat/MateCat,public/js/cat_source/es6/components/common/VirtualList/VirtualList.js,4981285655d316c1f78c2557868317eb097200ad,true,false
matecat/MateCat,lib/Plugins/Features/ReviewExtended/Model/ChunkReviewDao.php,72062902b3df78426f35943ec8aad04310b8b996,true,false
matecat/MateCat,public/js/cat_source/es6/utils/shortcuts.js,7439b531aa39841ed7d1386ecd198bfff10c730c,true,false
matecat/MateCat,public/css/sass/common.scss,cbd50995e4d7008e488b06edb2e3a220d587924a,true,false
matecat/MateCat,public/js/tm.js,cbd50995e4d7008e488b06edb2e3a220d587924a,true,false
maths/moodle-qtype_stack,stack/input/dropdown/dropdown.class.php,124a8d3dce0e508d04a9f38662fdcd2dec3153cf,true,false
maths/moodle-qtype_stack,tests/input_equiv_test.php,36657f1325a1409f3674c149ace0897fa1ef2bd4,true,false
maths/moodle-qtype_stack,tests/behat/create_preview_edit.feature,cfc936cc600afbe9312c213fa697f741e89f04b7,true,false
maths/moodle-qtype_stack,tests/editform_test.php,ecb955e0be9cde00ae5cb21d2e4c7e01fb31c8b7,true,true
miraheze/MirahezeMagic,includes/MirahezeIRCRCFeedFormatter.php,8ef3f2d7e825c2bc5fbe3b2bba3241c08b7ea2ad,true,false
miraheze/MirahezeMagic,ReCaptchaNoCaptcha/includes/ReCaptchaNoCaptchaHooks.php,cf7170257f6c90596438a682f26922e3dab62443,true,false
mjaschen/collmex,src/CollmexField/Money.php,a5ebf675f920de01f53115f6bcdbe64a5ffc07fd,false,true
monicahq/monica,scripts/vagrant/build/install-monica.sh,607a21b4e8cf3723804fd4fccf396bcd6ad51fbb,true,false
mpdf/mpdf,tests/Mpdf/AdjustHtmlTest.php,0db129a868557016614132e2adc67f9e4c048d5e,true,true
mpdf/mpdf,tests/data/html/long-string-with-kwt-match.html,0db129a868557016614132e2adc67f9e4c048d5e,true,true
mpdf/mpdf,tests/data/html/long-string-without-kwt-match.html,0db129a868557016614132e2adc67f9e4c048d5e,true,true
mpdf/mpdf,src/AssetFetcher.php,8aa6b5600c6e74cdb3b265ca5f6dedc5cd8afecd,true,false
mpdf/mpdf,tests/Issues/Issue1700Test.php,8aa6b5600c6e74cdb3b265ca5f6dedc5cd8afecd,true,false
mpdf/mpdf,tests/data/img/bay eux.jpg,8aa6b5600c6e74cdb3b265ca5f6dedc5cd8afecd,true,false
msaari/relevanssi,lib/didyoumean.php,05ff0a9fc23d4a4e417f5356cbd6d8fc32cbef30,true,false
msaari/relevanssi,lib/compatibility/gutenberg.php,0da94093d6008854032030715d8ebee4d3ecd492,true,false
msaari/relevanssi,lib/compatibility/tablepress.php,74761f6c0672db88db4a372e7fda15128489a378,true,false
msaari/relevanssi,lib/compatibility/wp-file-download.php,8459592bad27f923abd236cca588ced46eca2537,true,true
msaari/relevanssi,lib/install.php,9fc2cf607f0e9f0acc0215c0c6801881dc178d84,true,false
msaari/relevanssi,lib/common.php,b71539d57504b41071723f62f68d05943311d61d,true,false
mybb/mybb,inc/datahandlers/post.php,0192c89342b7fea37531096c54f6ee53d1cc2e58,true,false
mybb/mybb,inc/datahandler.php,261d3a123ee680521161fde96b37c983e5b587ac,true,false
mybb/mybb,inc/functions_forumlist.php,567f277218c901375bfe4606d0918c3244e7218f,true,false
mybb/mybb,install/resources/pgsql_db_tables.php,97857b169d79507d4770f8995e881835a62ca62c,true,true
nabab/bbn,src/bbn/Db.php,e5bce2050c882713c56c177e6bdcb3823d3c98ba,true,false
nightflyza/Ubilling,api/vendor/sms_services_APIs/SmsFlyAPI2.php,159ccd4d712378335b30fe47c7f9833f1fa8abfc,true,false
nightflyza/Ubilling,api/libs/api.eventview.php,46309823d4457832bf9c631d8b1296f60555dbc0,true,false
nightflyza/Ubilling,api/libs/api.usms.php,9e4387b33b628194bfbd5f189587cf35c3c4fa52,true,false
nightflyza/Ubilling,api/vendor/senddog_classic_services/smsflyapi2.php,a744824edae50775f4965232f6a2cb3cb270b72c,true,false
nightflyza/Ubilling,api/vendor/senddog_classic_services/tsmshttp.php,bb31efe1b2af9e79697a8bbdcae3371c953f4cb4,true,true
nikic/PHP-Parser,test/code/formatPreservation/insertionOfNullable.test,5f3ad31501db987252525f8ea58cc7a2f0886995,true,false
nikic/PHP-Parser,test/code/formatPreservation/removalViaNull.test,5f3ad31501db987252525f8ea58cc7a2f0886995,true,false
nikic/PHP-Parser,test/code/formatPreservation/listInsertion.test,f7b448fa1557a2b5943c56da453221ff3e362fff,true,false
omeka/Omeka,application/libraries/Omeka/Controller/Plugin/Admin.php,075962dd384b9830bd24727eb7fa0ad8356a0cfe,false,true
omeka/omeka-s,application/src/Form/ModuleStateChangeForm.php,b087c81e9cf83443a996ed83612566b0d7fc28b2,true,true
omeka/omeka-s,application/view/omeka/admin/module/browse.phtml,b087c81e9cf83443a996ed83612566b0d7fc28b2,true,true
omeka/omeka-s,application/src/Api/Representation/AbstractResourceEntityRepresentation.php,f1b5cc0176ad35f75e097c3814bd8a96a97fedcb,true,false
owncloud/music,lib/Db/Maintenance.php,60412733b793829cd815194e495a7a4fc4166d3d,true,false
owncloud/music,js/shared/playerwrapper.js,bd3d82acd8b897e74534124047b6cce5f5191651,true,false
owncloud/music,js/app/controllers/views/podcastsviewcontroller.js,dc250791ce5835d94f6ee4e5bb21791c0d3105aa,true,false
owncloud/music,lib/Utility/LastfmService.php,ff75b83825ca2f20ffae8b39079f442fb930f84a,true,false
pfsense/pfsense,src/usr/local/www/services_captiveportal.php,027f2536635c554ea2d41b62a537358a0d3ee5fa,true,false
pfsense/pfsense,src/usr/local/bin/captiveportal_gather_stats.php,02a3d2428bf626b0c49f9cd8c26036b3bb5e5823,true,false
pfsense/pfsense,src/usr/local/www/system_advanced_admin.php,067f3650ae64e85b74d6577ac0c511a373600e89,true,false
pfsense/pfsense,src/usr/local/sbin/openvpn.connect_async.sh,09eeac7baafd2daab85172b2d9ad98d90a6093a7,true,false
pfsense/pfsense,src/usr/local/www/firewall_nat_1to1_edit.php,0d24e58a942ce91ee30da2bd4f667bfc7d87a12d,true,false
pfsense/pfsense,src/usr/local/www/pkg.php,44b9361678c1fea45a0eb83501e5a1dcd0f877cb,true,false
pfsense/pfsense,src/usr/local/www/services_ntpd.php,466d0e9639135877efe0907fc71ac52194213609,true,false
pfsense/pfsense,src/usr/local/www/system_gateways.php,475feb89dcd954482768baa4cea5097955979c74,true,false
pfsense/pfsense,src/usr/local/www/status.php,4d9dd165e471394bb2ca520d56f8d8f9a82bb99a,true,true
pfsense/pfsense,src/usr/local/www/system_authservers.php,5f9666a1b3a81f289c7c02954f9f92d3b989a346,true,false
pfsense/pfsense,src/usr/local/www/status_upnp.php,67f0518a9a00b6709e997b55b569926ef22c109d,true,false
pfsense/pfsense,src/usr/local/www/vpn_ipsec_phase1.php,70654d6dbe8f841a5f2f3b8b611fc8251f2b8172,true,false
pfsense/pfsense,src/usr/local/www/widgets/widgets/services_status.widget.php,7428c478c3e9fa6227f87c97e168c9b7d5703fb4,true,false
pfsense/pfsense,src/usr/local/www/system_certmanager_renew.php,9484a1cbdc2fa73cfe24681c342327729ffb6d61,true,false
pfsense/pfsense,src/usr/local/www/system_crlmanager.php,a3c1589086ea67d25a28ec14ab95d7fd9ab25fa2,true,false
pfsense/pfsense,src/usr/local/www/pkg_mgr_install.php,a949b7ae0d24b7f9528b61081b341d5cbfb03cd4,true,true
pfsense/pfsense,src/usr/local/www/interfaces_assign.php,c0d3797c07393984ea38a0f3faeccf2efe369b10,true,false
pfsense/pfsense,src/usr/local/www/interfaces_groups_edit.php,c59e980315377370d8a126691acd95425d57960a,true,false
pfsense/pfsense,src/usr/local/www/services_unbound.php,e19ef9c97d6f724aa55abbd597fab73f1e57be88,true,false
pfsense/pfsense,src/usr/local/www/services_dnsmasq.php,fe7bd855f78b744dd57f3a8506e9ea2c81194bfe,true,false
phoronix-test-suite/phoronix-test-suite,pts-core/objects/pts_result_viewer_embed.php,e3b2c2ea2d1dc4fea5c2a22c22f9ef1b3f4dcb9c,true,false
phpmyadmin/phpmyadmin,libraries/classes/ZipExtension.php,2b0a3da81033822643b5723000faf6f96a360b6e,true,false
phpmyadmin/phpmyadmin,test/classes/ZipExtensionTest.php,2b0a3da81033822643b5723000faf6f96a360b6e,true,false
phpmyadmin/phpmyadmin,templates/console/toolbar.twig,8b99611988342c12a69fab4940de47898538061b,true,false
phpsysinfo/phpsysinfo,includes/mb/class.qtssnmp.inc.php,0558d4755936257b207fac2cbbad4c2cf893108f,true,false
platformsh/platformsh-cli,src/Command/Project/ProjectGetCommand.php,5f1543fa3b06c4d3cbd19f7a561888f2f84c1e70,true,false
platformsh/platformsh-cli,src/Command/Commit/CommitListCommand.php,bcacde7f4356ef048d3da2968dac1c6f850c200c,true,false
platformsh/platformsh-cli,shell-config-bash-direct.tmpl.rc,f1f282f3f035a83014c923aab0b65efdf80692e8,false,true
platformsh/platformsh-cli,shell-config-bash.rc,f1f282f3f035a83014c923aab0b65efdf80692e8,false,true
platformsh/platformsh-cli,shell-config-bash.tmpl.rc,f1f282f3f035a83014c923aab0b65efdf80692e8,false,true
platformsh/platformsh-cli,shell-config.rc,f1f282f3f035a83014c923aab0b65efdf80692e8,false,true
platformsh/platformsh-cli,shell-config.tmpl.rc,f1f282f3f035a83014c923aab0b65efdf80692e8,false,true
platformsh/platformsh-cli,src/Command/Self/SelfInstallCommand.php,f1f282f3f035a83014c923aab0b65efdf80692e8,false,true
pluginsGLPI/timelineticket,inc/dashboard.class.php,3ca0304b0c7a4a8b8ac3f519e45c7ba66c73bcfe,true,false
pmmp/PocketMine-MP,src/data/bedrock/DyeColorIdMap.php,08b9495bce2d65a6d1d3eeb76e484499a00765eb,true,false
pmmp/PocketMine-MP,src/item/ItemFactory.php,2fc84f6c676174cf24c6f4e80288ffdb077b02eb,true,false
pmmp/PocketMine-MP,src/item/PotionType.php,44e4dabf6e3a455bb4ded288338f7af38c1edfdf,true,false
pmmp/PocketMine-MP,src/crafting/CraftingManagerFromDataHelper.php,566f5935a306dc5857e083f7d195fcfc2a8219e4,true,false
pmmp/PocketMine-MP,src/block/Vine.php,709a869045183565d4915fd2f664f855dcec4c11,true,false
pmmp/PocketMine-MP,src/block/Sugarcane.php,8fa81242d688035cc867983550e3549efad23757,true,false
pmmp/PocketMine-MP,src/world/generator/normal/Normal.php,c13170a00b672ac36b5d5fe649df628433fc4431,true,false
pmmp/PocketMine-MP,src/entity/Skin.php,c9626c610b8f6810c8c987559c9197b2a291f0bb,true,false
pmmp/PocketMine-MP,src/block/BlockFactory.php,d72e947d15b9818ad4c9f39b41c7cdcbe79e6437,true,true
pmmp/PocketMine-MP,src/thread/Worker.php,f75ca312cc8916d88ee1afdf84ec976fa2633526,true,false
pmmp/PocketMine-MP,src/network/mcpe/InventoryManager.php,fb25e0541676f5cfbe7b1601507533c500a11f54,true,false
pods-framework/pods,ui/js/dfv/src/fields/pick/pick.scss,83f5a6f16dc3ee54fc4d773c19c6dc04cb1d1024,true,false
poggit/poggit,src/poggit/ci/ui/VirionListModule.php,878847028aa01fc16cc3a85ed9defb4a4554e5fa,true,false
polylang/polylang,modules/sync/sync.php,4be133b8d84b548abf9ef65076a917793fd96c4f,true,false
polylang/polylang,include/links-directory.php,c12ecccb70b8989b374992d0e9d002cecf21afe5,true,false
polylang/polylang,tests/phpunit/tests/test-links-directory.php,c12ecccb70b8989b374992d0e9d002cecf21afe5,true,false
pressbooks/pressbooks,inc/modules/export/epub/class-epub.php,5745b173e58e15cf462f0da6e3827af94a296332,true,false
projectestac/agora_moodle2,repository/googledocs/lib.php,79b93b55d587a4c870ec41d5994c168faa7f17a4,true,false
propelorm/Propel2,src/Propel/Generator/Builder/Om/ObjectBuilder.php,34b713ebb8abafb02a9bee3065cccebe34c2d365,false,true
ramsey/uuid,psalm.xml,7b3eaf32c71f5dadb84f2c23ef8b8c917a6cb7fa,false,true
ramsey/uuid,phpstan-tests.neon,b4dff559abe91401289757f479f6f840b8846da7,true,false
ramsey/uuid,tests/static-analysis/ValidUuidIsNonEmpty.php,b4dff559abe91401289757f479f6f840b8846da7,true,false
reactphp/http,src/Io/RequestHeaderParser.php,00e481eb6eb9e68c9e2b363e15e5c7ac6b5feec5,false,true
reactphp/http,tests/Io/RequestHeaderParserTest.php,00e481eb6eb9e68c9e2b363e15e5c7ac6b5feec5,false,true
roundcube/roundcubemail,program/lib/Roundcube/rcube_washtml.php,2847154cd0b11d4dead83507b8b272d8509d9aaa,true,false
roundcube/roundcubemail,tests/Framework/Washtml.php,2847154cd0b11d4dead83507b8b272d8509d9aaa,true,false
roundcube/roundcubemail,program/actions/settings/index.php,8c7911b9f2e60d9ed252a905ed737c070d77159a,true,false
roundcube/roundcubemail,plugins/enigma/enigma.php,92262aa2a1481cfd8fc9e4f14d9d9887528a8455,true,false
roundcube/roundcubemail,plugins/enigma/enigma.js,a62f046ad112e42c8e33980e1e962c700dce6533,false,true
ruflin/Elastica,src/Reindex.php,88fb974130ac68643130e8c21caad156b540741c,true,false
ruflin/Elastica,src/Search.php,8a3cf51c98a6e9659d148f331cdef7480f5a3fb2,false,true
ruflin/Elastica,tests/IndexTest.php,8a3cf51c98a6e9659d148f331cdef7480f5a3fb2,false,true
ruflin/Elastica,tests/ScrollTest.php,8a3cf51c98a6e9659d148f331cdef7480f5a3fb2,false,true
ruflin/Elastica,tests/SearchTest.php,8a3cf51c98a6e9659d148f331cdef7480f5a3fb2,false,true
s30labs/cnm,os/debian8/fix-cert.sh,ee70f50dfdb65b2e2a3d974ba144821020918e14,true,false
s30labs/cnm,os/debian8/fix-cert.yml,ee70f50dfdb65b2e2a3d974ba144821020918e14,true,false
s30labs/cnm,os/debian8/roles/base/tasks/main.yml,ee70f50dfdb65b2e2a3d974ba144821020918e14,true,false
s30labs/cnm,os/debian8/roles/fix-cert/files/ISRG_Root_X1.crt,ee70f50dfdb65b2e2a3d974ba144821020918e14,true,false
s30labs/cnm,os/debian8/roles/fix-cert/files/ca-certificates.conf,ee70f50dfdb65b2e2a3d974ba144821020918e14,true,false
s30labs/cnm,os/debian8/roles/fix-cert/tasks/main.yml,ee70f50dfdb65b2e2a3d974ba144821020918e14,true,false
schmittjoh/serializer,src/Metadata/Driver/AbstractDoctrineTypeDriver.php,c1f86be296632d0127bb9fc7c869e73c04efefc2,true,false
sebastienheyd/boilerplate,src/Controllers/ImpersonateController.php,9293af11bd647b954130f31793751d822ea191bf,true,false
silverstripe/silverstripe-cms,code/Controllers/CMSMain.php,2b8bee7970d6ce5cdddd71421eeb60372503b5b1,false,true
silverstripe/silverstripe-cms,tests/php/Controllers/CMSSiteTreeFilterTest.php,2b8bee7970d6ce5cdddd71421eeb60372503b5b1,false,true
simplesamlphp/saml2,src/SAML2/XML/mdattr/EntityAttributes.php,2c82144cc4613be21561316696fc5add28ee7e8a,true,false
simplesamlphp/saml2,bin/encryptedassertion.php,cc1ca4cf58b79c88bfda0ae61486f6b869058f93,true,false
simplesamlphp/saml2,tests/resources/xml/saml_EncryptedAssertion.xml,cc1ca4cf58b79c88bfda0ae61486f6b869058f93,true,false
slevomat/coding-standard,SlevomatCodingStandard/Sniffs/Classes/DisallowMultiPropertyDefinitionSniff.php,2695d1c4a7cb68f02c0142cf7bc7912e90b39d6e,true,false
slevomat/coding-standard,tests/Sniffs/Classes/DisallowMultiPropertyDefinitionSniffTest.php,2695d1c4a7cb68f02c0142cf7bc7912e90b39d6e,true,false
slevomat/coding-standard,tests/Sniffs/Classes/data/disallowMultiPropertyDefinitionErrors.fixed.php,2695d1c4a7cb68f02c0142cf7bc7912e90b39d6e,true,false
slevomat/coding-standard,tests/Sniffs/Classes/data/disallowMultiPropertyDefinitionErrors.php,2695d1c4a7cb68f02c0142cf7bc7912e90b39d6e,true,false
slevomat/coding-standard,tests/Sniffs/Classes/data/disallowMultiPropertyDefinitionNoErrors.php,2695d1c4a7cb68f02c0142cf7bc7912e90b39d6e,true,false
slevomat/coding-standard,tests/Sniffs/PHP/data/requireExplicitAssertionErrors.fixed.php,404aef7234495815b6b4ce190cfa224f67e3020b,false,true
slevomat/coding-standard,tests/Sniffs/PHP/data/requireExplicitAssertionErrors.php,404aef7234495815b6b4ce190cfa224f67e3020b,false,true
slevomat/coding-standard,SlevomatCodingStandard/Sniffs/Classes/PropertyDeclarationSniff.php,82233d918e1ee1c9487db202ce56a086ef79d5a5,true,false
slevomat/coding-standard,tests/Sniffs/Classes/data/propertyDeclarationNoErrors.php,82233d918e1ee1c9487db202ce56a086ef79d5a5,true,false
slevomat/coding-standard,SlevomatCodingStandard/Helpers/YodaHelper.php,82a00024af7c5a57a86111219ed61d26bc8337b5,true,false
slevomat/coding-standard,tests/Sniffs/ControlStructures/data/disallowYodaComparisonNoErrors.php,82a00024af7c5a57a86111219ed61d26bc8337b5,true,false
slevomat/coding-standard,tests/Sniffs/ControlStructures/data/requireYodaComparisonNoErrors.php,82a00024af7c5a57a86111219ed61d26bc8337b5,true,false
slevomat/coding-standard,SlevomatCodingStandard/Sniffs/Variables/UselessVariableSniff.php,a52720f4de29237f64fca8f9bacf00705497460f,true,false
slevomat/coding-standard,tests/Sniffs/Variables/data/uselessVariableNoErrors.php,a52720f4de29237f64fca8f9bacf00705497460f,true,false
smrealms/smr,src/lib/Default/SmrMines.php,0531919678c8ff2d499c961b89ab973981447853,true,true
sonata-project/SonataAdminBundle,src/Maker/AdminMaker.php,1a15c93dbb46cd0a03dd2d2359c39af27c1de003,false,true
sonata-project/SonataAdminBundle,src/FieldDescription/TypeGuesserChain.php,7597e201dc08aaf7d7ac5acaa754a03b194df293,true,false
sonata-project/SonataAdminBundle,phpstan-console-application.php,ca421a071e1bd49e0db554e1f54cff7b1087cdcd,true,false
sonata-project/SonataAdminBundle,tests/App/AppKernel.php,ca421a071e1bd49e0db554e1f54cff7b1087cdcd,true,false
sonata-project/SonataAdminBundle,tests/Functional/Controller/AdminAsParameterControllerTest.php,ca421a071e1bd49e0db554e1f54cff7b1087cdcd,true,false
sonata-project/SonataAdminBundle,tests/Functional/Controller/CRUDControllerTest.php,ca421a071e1bd49e0db554e1f54cff7b1087cdcd,true,false
sonata-project/SonataAdminBundle,tests/Functional/Controller/DashboardActionTest.php,ca421a071e1bd49e0db554e1f54cff7b1087cdcd,true,false
sonata-project/SonataAdminBundle,tests/Functional/Controller/MenuTest.php,ca421a071e1bd49e0db554e1f54cff7b1087cdcd,true,false
sonata-project/SonataAdminBundle,tests/Functional/Translator/Extractor/AdminExtractorTest.php,ca421a071e1bd49e0db554e1f54cff7b1087cdcd,true,false
sonata-project/SonataMediaBundle,phpstan-console-application.php,ad1e574d02a91560f40f858645cffebc182d81c5,true,false
sonata-project/SonataMediaBundle,tests/App/AppKernel.php,ad1e574d02a91560f40f858645cffebc182d81c5,true,false
sonata-project/SonataMediaBundle,tests/Functional/Admin/GalleryAdminTest.php,ad1e574d02a91560f40f858645cffebc182d81c5,true,false
sonata-project/SonataMediaBundle,tests/Functional/Admin/GalleryItemAdminTest.php,ad1e574d02a91560f40f858645cffebc182d81c5,true,false
sonata-project/SonataMediaBundle,tests/Functional/Admin/MediaAdminTest.php,ad1e574d02a91560f40f858645cffebc182d81c5,true,false
sonata-project/SonataMediaBundle,tests/Functional/Command/AddMediaCommandTest.php,ad1e574d02a91560f40f858645cffebc182d81c5,true,false
sonata-project/SonataMediaBundle,tests/Functional/Controller/TruncateControllerTest.php,ad1e574d02a91560f40f858645cffebc182d81c5,true,false
sonata-project/SonataMediaBundle,tests/custom_bootstrap.php,ad1e574d02a91560f40f858645cffebc182d81c5,true,false
sonata-project/SonataPageBundle,src/Entity/SnapshotManager.php,25cde10c4531b0675b4209b4bdbea336b31d55b2,true,true
sonata-project/SonataPageBundle,tests/Entity/TransformerTest.php,51bf66c8968f3cebe53f6af19cb02e0650605153,true,false
sonata-project/SonataUserBundle,phpstan-console-application.php,b9b20a1b25dfbf47d3080725bfe3ed3b7f3a1f34,true,false
sonata-project/SonataUserBundle,tests/App/AppKernel.php,b9b20a1b25dfbf47d3080725bfe3ed3b7f3a1f34,true,false
sonata-project/SonataUserBundle,tests/Functional/Action/LogoutActionTest.php,b9b20a1b25dfbf47d3080725bfe3ed3b7f3a1f34,true,false
sonata-project/SonataUserBundle,tests/Functional/Action/ResetActionTest.php,b9b20a1b25dfbf47d3080725bfe3ed3b7f3a1f34,true,false
sonata-project/SonataUserBundle,tests/Functional/Admin/UserAdminTest.php,b9b20a1b25dfbf47d3080725bfe3ed3b7f3a1f34,true,false
sonata-project/SonataUserBundle,tests/Functional/Command/ActivateUserCommandTest.php,b9b20a1b25dfbf47d3080725bfe3ed3b7f3a1f34,true,false
sonata-project/SonataUserBundle,tests/Functional/Command/ChangePasswordCommandTest.php,b9b20a1b25dfbf47d3080725bfe3ed3b7f3a1f34,true,false
sonata-project/SonataUserBundle,tests/Functional/Command/CreateUserCommandTest.php,b9b20a1b25dfbf47d3080725bfe3ed3b7f3a1f34,true,false
sonata-project/SonataUserBundle,tests/Functional/Command/DeactivateUserCommandTest.php,b9b20a1b25dfbf47d3080725bfe3ed3b7f3a1f34,true,false
sonata-project/SonataUserBundle,tests/Functional/Command/DemoteUserCommandTest.php,b9b20a1b25dfbf47d3080725bfe3ed3b7f3a1f34,true,false
sonata-project/SonataUserBundle,tests/Functional/Command/PromoteUserCommandTest.php,b9b20a1b25dfbf47d3080725bfe3ed3b7f3a1f34,true,false
sonata-project/SonataUserBundle,tests/custom_bootstrap.php,b9b20a1b25dfbf47d3080725bfe3ed3b7f3a1f34,true,false
sonata-project/exporter,src/Source/AbstractPropertySourceIterator.php,1f0628b13b96d22e97421c22889b87ebef1bca86,true,false
sonata-project/sonata-doctrine-extensions,src/Bridge/Symfony/Resources/config/doctrine_orm.php,1efdf012b348c3c450c2aa65bbe7afe9368d78bb,true,false
spip/SPIP,prive/formulaires/editer_liens.php,07695e6f35ddc585d27358bc41b71d0ff0b654f7,false,true
spip/SPIP,ecrire/action/editer_logo.php,2176184e06f9000f2f71c12f0756e14affdaf8df,true,false
spip/SPIP,ecrire/inc/autoriser.php,2d11dc051e1d166c3268bd97a4b75157f2409476,false,true
spip/SPIP,ecrire/xml/valider.php,2df146a4b914f9ec751df5e0c6f5117848f1ffbf,true,false
spip/SPIP,ecrire/inc/filtres_images_mini.php,448a0738922a702be754d006c0f0562779fdb1f9,true,true
spip/SPIP,ecrire/inc/urls.php,6daadc03bab51c7f98e0793c85a415cd7bd41d85,true,true
spip/SPIP,ecrire/inc/filtres_selecteur_generique.php,72ba49d15314532048e2c1ee74c619de8c004d40,true,false
spip/SPIP,ecrire/public/debusquer.php,846b271391f219636f07ddc93cd1fe4fcb6f2fa6,true,false
spip/SPIP,ecrire/inc/filtres_mini.php,a8cbd5d28be9c5c79af6bdc77c0f639a4e7c6557,true,true
spip/SPIP,ecrire/public/evaluer_page.php,afb18ee63959bd74e17e06e265d12e9935ba42e8,true,false
spip/SPIP,ecrire/req/sqlite_generique.php,b15ce2ae529c8732b014851c44178248d2386166,false,true
spip/SPIP,ecrire/public/assembler.php,bcd628569b526ca5136b6c9dc2075828610068d4,true,false
spip/SPIP,ecrire/inc/idna_convert.class.php,e1e52e9a6ec470b36418689de62af60a3af43409,true,true
spip/SPIP,ecrire/inc/presentation_mini.php,ff6ae5cea7ffa5b47e7594cb3d4af21e21f442bf,true,false
splitbrain/dokuwiki,inc/Subscriptions/SubscriberManager.php,062cf88b93ccbd42ff0352b880f96129238a48a3,true,false
splitbrain/dokuwiki,inc/Utf8/Sort.php,704bf768643b49d040d9b4f00641e69c9f24dfa3,true,true
splitbrain/dokuwiki,doku.php,9f48b7048bfe54113e7d2ea528e226b1e3e2ab1d,true,false
splitbrain/dokuwiki,_test/tests/inc/changelog_hasrevisions.test.php,c7dab4e8843c91451755e1c9569773e6b7614702,false,true
splitbrain/dokuwiki,_test/tests/inc/common_getGoogleQuery.test.php,c7dab4e8843c91451755e1c9569773e6b7614702,false,true
splitbrain/dokuwiki,_test/tests/inc/pageutils_resolve_id.test.php,c7dab4e8843c91451755e1c9569773e6b7614702,false,true
splitbrain/dokuwiki,_test/tests/inc/pageutils_resolve_mediaid.test.php,c7dab4e8843c91451755e1c9569773e6b7614702,false,true
splitbrain/dokuwiki,_test/tests/inc/pageutils_resolve_pageid.test.php,c7dab4e8843c91451755e1c9569773e6b7614702,false,true
splitbrain/dokuwiki,_test/tests/inc/utf8_html.test.php,c7dab4e8843c91451755e1c9569773e6b7614702,false,true
spryker/code-sniffer,Spryker/Sniffs/ControlStructures/ElseIfDeclarationSniff.php,892b925aec2e2c5f67a86f6248d47be6d6787574,true,false
squizlabs/PHP_CodeSniffer,src/Tokenizers/PHP.php,5a852109ba12d3c588a812f3fd08e1f59c15f57e,true,false
squizlabs/PHP_CodeSniffer,tests/Core/Tokenizer/ShortArrayTest.inc,5a852109ba12d3c588a812f3fd08e1f59c15f57e,true,false
squizlabs/PHP_CodeSniffer,tests/Core/Tokenizer/ShortArrayTest.php,5a852109ba12d3c588a812f3fd08e1f59c15f57e,true,false
squizlabs/PHP_CodeSniffer,src/Standards/Generic/Sniffs/PHP/LowerCaseTypeSniff.php,8848a641ff9a8f991134c5a130d159cb0ef7eb9e,true,false
squizlabs/PHP_CodeSniffer,src/Standards/Generic/Tests/PHP/LowerCaseTypeUnitTest.inc,8848a641ff9a8f991134c5a130d159cb0ef7eb9e,true,false
squizlabs/PHP_CodeSniffer,src/Standards/Generic/Tests/PHP/LowerCaseTypeUnitTest.inc.fixed,8848a641ff9a8f991134c5a130d159cb0ef7eb9e,true,false
squizlabs/PHP_CodeSniffer,src/Standards/Generic/Tests/PHP/LowerCaseTypeUnitTest.php,8848a641ff9a8f991134c5a130d159cb0ef7eb9e,true,false
squizlabs/PHP_CodeSniffer,src/Standards/PEAR/Sniffs/Functions/FunctionCallSignatureSniff.php,9445108a57b46f4e84a890788de5d2388346460a,true,false
squizlabs/PHP_CodeSniffer,src/Standards/PEAR/Tests/Functions/FunctionCallSignatureUnitTest.inc,9445108a57b46f4e84a890788de5d2388346460a,true,false
squizlabs/PHP_CodeSniffer,src/Standards/PEAR/Tests/Functions/FunctionCallSignatureUnitTest.inc.fixed,9445108a57b46f4e84a890788de5d2388346460a,true,false
squizlabs/PHP_CodeSniffer,src/Standards/PEAR/Tests/Functions/FunctionCallSignatureUnitTest.php,9445108a57b46f4e84a890788de5d2388346460a,true,false
stayallive/wp-sentry,src/class-wp-sentry-php-tracker.php,9f3dc53770b077195eee19b9fe02c6b4d7b1d191,true,false
symfony/http-kernel,Controller/ArgumentResolver/DateTimeValueResolver.php,53aa7cf03143f990a47de18157d312d3bd66c11b,true,false
symfony/symfony,src/Symfony/Component/HttpKernel/HttpCache/Store.php,0b328d049837434ef806403b9af6945b93f3a62d,true,true
symfony/symfony,src/Symfony/Component/HttpKernel/Tests/HttpCache/StoreTest.php,0b328d049837434ef806403b9af6945b93f3a62d,true,true
symfony/symfony,src/Symfony/Component/DependencyInjection/Tests/Fixtures/xml/services_prototype_array_with_empty_node.xml,667e635c196401d0b0daac50bdbd5af9e34f8c6f,true,false
symfony/symfony,src/Symfony/Component/DependencyInjection/Tests/Fixtures/xml/services_prototype_array_with_space_node.xml,667e635c196401d0b0daac50bdbd5af9e34f8c6f,true,false
symfony/symfony,src/Symfony/Component/DependencyInjection/Tests/Fixtures/yaml/services_prototype_with_empty_node.yml,667e635c196401d0b0daac50bdbd5af9e34f8c6f,true,false
symfony/symfony,src/Symfony/Component/DependencyInjection/Tests/Fixtures/yaml/services_prototype_with_null_node.yml,667e635c196401d0b0daac50bdbd5af9e34f8c6f,true,false
symfony/symfony,src/Symfony/Component/DependencyInjection/Tests/Loader/XmlFileLoaderTest.php,667e635c196401d0b0daac50bdbd5af9e34f8c6f,true,false
symfony/symfony,src/Symfony/Component/DependencyInjection/Tests/Loader/YamlFileLoaderTest.php,667e635c196401d0b0daac50bdbd5af9e34f8c6f,true,false
tastyigniter/TastyIgniter,app/system/traits/CombinesAssets.php,5bf7b4e70b047410cc4302d71857c72b9c0ae2d8,true,false
tastyigniter/TastyIgniter,app/admin/database/migrations/2022_09_03_000300_make_location_options_fields_unique.php,5ec9a233b0df30d24ad60bd5577fe34df6d686be,true,true
tbar0970/jethro-pmm,db_objects/person_group.class.php,32b21cdb2eab68718134b3f1a64f423ad8a5c5fc,false,true
tbar0970/jethro-pmm,vendor/phpoffice/phpword/src/PhpWord/Writer/Word2007/Part/Settings.php,489219a945f72a094d4b2c3731418eaca50454e2,true,false
tbar0970/jethro-pmm,views/view_0_mixed_search.class.php,74a266fc09dbb928f17afa7ff4c0d98243dc9f27,true,false
tbar0970/jethro-pmm,db_objects/planned_absence.class.php,81fd178cb59a0d43943bbd891bcee01b49497836,true,false
tbar0970/jethro-pmm,include/installer.class.php,aa5607538c7c725e5b1c0c8f0626cc028ea51b2c,true,false
tbar0970/jethro-pmm,scripts/date_reminder.php,cb61911025268b61399938252f3b26c0c8e29a95,true,false
tbar0970/jethro-pmm,members/views/view_0_add_planned_absence.class.php,e582e43c038935a373472736e4991e0b213e00f3,true,false
tbar0970/jethro-pmm,include/tbs_plugin_opentbs.php,fdf002bdcac098d4bfcf363683c4f249ac6d839c,true,false
tennc/webshell,php/asw.php,d9326890809af3f3718127a62839ec89a20edff5,false,true
textpattern/textpattern,textpattern/vendors/Textpattern/Skin/Skin.php,016b4059acbc37e413c3fadbcf3e4425ad681d00,true,false
thelia/thelia,core/lib/Thelia/Handler/ExportHandler.php,4935ed8c4a5bc04cf9bbccb17d5f0c659f5c82c0,true,false
thelia/thelia,core/lib/Thelia/TaxEngine/TaxEngine.php,9316a455f607867165ddcb0806eb2626046ae851,true,false
thelia/thelia,core/lib/Thelia/Core/Template/Loop/Attribute.php,9ab370526082dcfdc86ddf83fd34eb6067965e26,true,false
thelia/thelia,core/lib/Thelia/Core/DependencyInjection/Compiler/RegisterHookListenersPass.php,b4df5b0e7da153e7322e93c28a4d5212984db778,true,false
thelia/thelia,core/lib/Thelia/Config/ConfigReplacement/base_webpack_encore.yaml,c8150cc002bc371ddf09e21c3eb6103d6a4ff86b,false,true
thelia/thelia,core/lib/Thelia/Config/Resources/packages/webpack_encore.yaml,c8150cc002bc371ddf09e21c3eb6103d6a4ff86b,false,true
thelia/thelia,core/lib/Thelia/Core/Template/Loop/Module.php,e16853fb9cbb51bc7dbbe0fae22a87400fa70a44,true,false
thelia/thelia,core/lib/Thelia/Log/Tlog.php,ec12350b708ce5156103db47dd4f550faf4fcfbc,true,false
thorsten/phpMyFAQ,phpmyfaq/admin/assets/src/content/editor.js,6a67cd6e58b5955092fbb37f3202a631c6b675f0,true,false
twilio/twilio-php,src/Twilio/Security/RequestValidator.php,d32b96720d2b49ad65a1f0830b44991a662e119d,true,true
twilio/twilio-php,tests/Twilio/Unit/RequestValidatorTest.php,d32b96720d2b49ad65a1f0830b44991a662e119d,true,true
twinh/wei,lib/Bicache.php,2e74df0de7811d1731d0d77fc897f5c287ad5b67,false,true
twinh/wei,lib/DbCache.php,e0a294f9662ed3a01745ab1be6609883e52b5185,true,false
twinh/wei,tests/unit/DbCacheTest.php,e0a294f9662ed3a01745ab1be6609883e52b5185,true,false
twinh/wei,tests/unit/PgsqlCacheTest.php,e0a294f9662ed3a01745ab1be6609883e52b5185,true,false
twinh/wei,tests/unit/SqliteCacheTest.php,e0a294f9662ed3a01745ab1be6609883e52b5185,true,false
typecho/typecho,var/Widget/Archive.php,17d9dcfa1707982e97ad16ee3433c96ce3e6e0fd,true,false
ultimatemember/ultimatemember,includes/core/class-access.php,d34a5faa11eea91f1c7a0529928881dbbb1d9785,true,false
unaio/una,upgrade/BxDolUpgradeCron.php,74a5fe7f8d69adffd7896ea2985fcfebca2f9d09,false,true
ungdev/EtuUTT,src/Etu/Module/UVBundle/Entity/UV.php,7f96ef18395b315024dca93fec7932ec00654e5f,true,false
valkyrjaio/valkyrja,src/Valkyrja/Auth/Middleware/GatedMiddleware.php,aed9def51366fc9b2c3403d7cad4f7993d357619,true,false
voku/Arrayy,CHANGELOG.md,4a995937b91f15b95d9a170f803951069b2f0fa0,false,true
voku/Arrayy,phpstan.neon,4a995937b91f15b95d9a170f803951069b2f0fa0,false,true
voku/Arrayy,tests/PHPStan/AnalyseTest.php,4a995937b91f15b95d9a170f803951069b2f0fa0,false,true
vufind-org/vufind,module/VuFind/tests/unit-tests/src/VuFindTest/Form/Handler/EmailTest.php,00b8beb58f6dd9603e5e36a0af355fb6ff8f6c61,true,false
vufind-org/vufind,module/VuFind/src/VuFind/RecordDriver/Feature/MarcReaderTrait.php,01a3705c05415a01727ddfd5f53c56291cebd463,true,false
vufind-org/vufind,module/VuFind/tests/fixtures/marc/marctraitsempty.xml,01a3705c05415a01727ddfd5f53c56291cebd463,true,false
vufind-org/vufind,module/VuFind/tests/unit-tests/src/VuFindTest/RecordDriver/Feature/MarcBasicTraitTest.php,01a3705c05415a01727ddfd5f53c56291cebd463,true,false
vufind-org/vufind,themes/bootstrap3/templates/Recommend/SideFacets/hierarchical-facet.phtml,035d3329fec3c799a622983ef7a19d8aa5255617,true,true
vufind-org/vufind,module/VuFind/src/VuFind/ILS/Driver/MultiBackend.php,595abd30b69ff6ae566900c3329dd97f7cd06101,true,false
vufind-org/vufind,module/VuFindConsole/src/VuFindConsole/Generator/GeneratorTools.php,606aa5ca68041c458a9e901ae93a77b6a61abdd2,false,true
vufind-org/vufind,module/VuFindSearch/src/VuFindSearch/ParamBag.php,ea1fe3b569d9af76fb5dd322a177dda326168553,true,false
weierophinney/mwop.net,src/Feed/Console/FeedAggregator.php,e321f149b2dc9bb35dbc812b3716eeec6828da13,true,false
wikimedia/mediawiki-extensions-BetaFeatures,extension.json,fb73bddb9c2785cf56f521df4ce69fa63111123a,true,true
wikimedia/mediawiki-extensions-BetaFeatures,includes/Hooks.php,fb73bddb9c2785cf56f521df4ce69fa63111123a,true,true
wikimedia/mediawiki-extensions-BlogPage,includes/specials/SpecialCreateBlogPost.php,e1c4301b4e2b439853fce3afc959e82a27d20e75,true,true
wikimedia/mediawiki-extensions-CentralAuth,includes/Special/SpecialWikiSets.php,20dd9acf37c761c95e641d8e1a43bc262a928726,true,true
wikimedia/mediawiki-extensions-CentralAuth,includes/Special/SpecialCentralAuth.php,2c406edc57941c357538ecdc43ba00e3ad74a46c,true,false
wikimedia/mediawiki-extensions-CentralAuth,extension.json,6f351eba99c6b06cfea1a81530c4b2768b98093d,false,true
wikimedia/mediawiki-extensions-CentralAuth,includes/Special/SpecialCentralAutoLogin.php,6f351eba99c6b06cfea1a81530c4b2768b98093d,false,true
wikimedia/mediawiki-extensions-CentralAuth,i18n/en.json,ab4002350a251ca12665703b13149317cc904dd7,true,true
wikimedia/mediawiki-extensions-CentralAuth,includes/CentralAuthHooks.php,ab4002350a251ca12665703b13149317cc904dd7,true,true
wikimedia/mediawiki-extensions-CentralNotice,includes/HtmlFormElements/HTMLCentralNoticeBannerMessage.php,6879df602c1e96b2b5610f3c65b025459c85c115,true,false
wikimedia/mediawiki-extensions-CheckUser,tests/phpunit/unit/HooksTest.php,4587603dd5676e782b1385ad39e36aa682f6505c,true,false
wikimedia/mediawiki-extensions-CirrusSearch,tests/phpunit/fixtures/mapping/empty.expected,7ebfb2269afc8df56682077ec5fd1f2e6bad4dd6,true,false
wikimedia/mediawiki-extensions-CirrusSearch,tests/phpunit/fixtures/mapping/no_phrase_suggest.expected,7ebfb2269afc8df56682077ec5fd1f2e6bad4dd6,true,false
wikimedia/mediawiki-extensions-CirrusSearch,includes/Query/DeepcatFeature.php,e5af92f217756aab3db2e5941f9546de0c1f37ad,true,true
wikimedia/mediawiki-extensions-Collection,includes/Specials/SpecialCollection.php,7dc05964cadfbb7758fe40b5b16a919066f946ab,true,false
wikimedia/mediawiki-extensions-ConfirmAccount,includes/frontend/ConfirmAccountUI.hooks.php,21214092ba1b492c462754c04b9e885da78e6fe3,true,true
wikimedia/mediawiki-extensions-Echo,modules/hooks.txt,2e58065ddf13ebc36700a665b4cecb1ef5903dc4,true,false
wikimedia/mediawiki-extensions-Echo,modules/ui/mw.echo.ui.NotificationBadgeWidget.js,2e58065ddf13ebc36700a665b4cecb1ef5903dc4,true,false
wikimedia/mediawiki-extensions-Echo,maintenance/removeOrphanedEvents.php,5d8db192fa352fb9af90877a2c59938ec5a46ca3,false,true
wikimedia/mediawiki-extensions-EventLogging,extension.json,30465be2b09ff72339c6d1066f4ea247da33f7c1,true,false
wikimedia/mediawiki-extensions-EventLogging,modules/ext.eventLogging/core.js,30465be2b09ff72339c6d1066f4ea247da33f7c1,true,false
wikimedia/mediawiki-extensions-EventLogging,tests/qunit/ext.eventLogging/id.test.js,30465be2b09ff72339c6d1066f4ea247da33f7c1,true,false
wikimedia/mediawiki-extensions-Flow,includes/Hooks.php,7e44beda93cd25a067bd734cec4663db1bec7e56,true,true
wikimedia/mediawiki-extensions-Gadgets,includes/GadgetDefinitionNamespaceRepo.php,08cf009f36531654eca7d86c43acf28452e68bf7,true,false
wikimedia/mediawiki-extensions-ImageMap,extension.json,76a921145e110174696dee84903efef36c855512,true,false
wikimedia/mediawiki-extensions-ImageMap,includes/ImageMap.php,76a921145e110174696dee84903efef36c855512,true,false
wikimedia/mediawiki-extensions-Math,src/MathRenderer.php,b05db18e25d2d67a81fbe051c4aaa525f8f0d323,true,false
wikimedia/mediawiki-extensions-Newsletter,includes/Content/NewsletterContentHandler.php,e3666d0c6dda83d38a64afde906ffe8b5baf22aa,true,false
wikimedia/mediawiki-extensions-OATHAuth,src/Hook/LoadExtensionSchemaUpdates/UpdateTables.php,7b6d8ccdea95c7c7d428fc885906518b5f34b525,true,false
wikimedia/mediawiki-extensions-SyntaxHighlight_GeSHi,tests/parser/parserTests.txt,b08c0a7cb980d069fa55163fef18db6c15c6684d,true,false
wikimedia/mediawiki-extensions-SyntaxHighlight_GeSHi,extension.json,f2613d589c1f4d25983b0ec557be78a4ba877973,true,false
wikimedia/mediawiki-extensions-SyntaxHighlight_GeSHi,modules/pygments.linenumbers.js,f2613d589c1f4d25983b0ec557be78a4ba877973,true,false
wikimedia/mediawiki-extensions-WikimediaEvents,modules/ext.wikimediaEvents/searchSatisfaction.js,deff7e60ef6ca58060d23e60a60f70d7001c98c8,true,false
wikimedia/mediawiki-extensions-WikimediaMaintenance,removeDeletedWikis.php,91754b4c3621ca77c8caa2d8956ccf38d6a70fa2,true,false
wikimedia/mediawiki-extensions-WikimediaMaintenance,storage/testRctComplete.php,91754b4c3621ca77c8caa2d8956ccf38d6a70fa2,true,false
wikimedia/parsoid,bin/benchmark.readViewStrip.js,01e9bed038ff995fcc40b36183f6d395d491bfd2,false,true
wikimedia/parsoid,readviewstrip.config.example.yaml,01e9bed038ff995fcc40b36183f6d395d491bfd2,false,true
wikimedia/parsoid,src/Wt2Html/PP/Processors/AddMediaInfo.php,e5cb6ccf0af9f867c3547ba21529bc97e9c9f3ed,true,false
wp-media/wp-rocket-helpers,rucss/wp-rocket-exclude-external-css-rucss/wp-rocket-exclude-external-css-rucss.php,399be0fbaf3a5fa562c07a04c161d013097582df,false,true
xenocrat/chyrp-lite,admin/layouts/default.twig,e9cd375764c450b4c6f1355f713970682cb4a9ac,false,true
xnau/pardibee,classes/PDb_FormValidation.php,312d9246673c527d193038bc074d66a44f3fa76b,true,false
xnau/pardibee,classes/PDb_fields/dynamic_db_field.php,d48a5e598bbc4a37a9fee6770558ca2e6eeffb39,false,true
yansongda/pay,tests/Plugin/Alipay/CallbackPluginTest.php,0f6963a90f46e0613938414c4872c09921ecf0ad,true,false
yansongda/pay,tests/Cert/foo,7ff004f05f9d6e288ff9b4deef585d30395f37f2,true,false
yansongda/pay,tests/Plugin/Wechat/Marketing/Coupon/QueryCouponDetailPluginTest.php,7ff004f05f9d6e288ff9b4deef585d30395f37f2,true,false
yodor/sparkbox,lib/mailers/Mailer.php,cc4338577835903507a8df70a3eb9abce26ab983,true,false
yosiakatsuki/ystandard,inc/menu/class-drawer-menu.php,da45f211464c3bf0085a10854dcc11554d3ffbc2,true,false
zephir-lang/zephir,Library/Classes/Entry.php,b8641958213776642549e830979d821a6b2d651a,false,true
